--
-- PostgreSQL database dump
--

-- Dumped from database version 16.3
-- Dumped by pg_dump version 16.5

SET statement_timeout = 0;
SET lock_timeout = 0;
SET idle_in_transaction_session_timeout = 0;
SET client_encoding = 'UTF8';
SET standard_conforming_strings = on;
SELECT pg_catalog.set_config('search_path', '', false);
SET check_function_bodies = false;
SET xmloption = content;
SET client_min_messages = warning;
SET row_security = off;

SET default_tablespace = '';

SET default_table_access_method = heap;

--
-- Name: auth_group; Type: TABLE; Schema: public; Owner: aurora
--

CREATE TABLE public.auth_group (
    id integer NOT NULL,
    name character varying(150) NOT NULL
);


ALTER TABLE public.auth_group OWNER TO aurora;

--
-- Name: auth_group_id_seq; Type: SEQUENCE; Schema: public; Owner: aurora
--

ALTER TABLE public.auth_group ALTER COLUMN id ADD GENERATED BY DEFAULT AS IDENTITY (
    SEQUENCE NAME public.auth_group_id_seq
    START WITH 1
    INCREMENT BY 1
    NO MINVALUE
    NO MAXVALUE
    CACHE 1
);


--
-- Name: auth_group_permissions; Type: TABLE; Schema: public; Owner: aurora
--

CREATE TABLE public.auth_group_permissions (
    id bigint NOT NULL,
    group_id integer NOT NULL,
    permission_id integer NOT NULL
);


ALTER TABLE public.auth_group_permissions OWNER TO aurora;

--
-- Name: auth_group_permissions_id_seq; Type: SEQUENCE; Schema: public; Owner: aurora
--

ALTER TABLE public.auth_group_permissions ALTER COLUMN id ADD GENERATED BY DEFAULT AS IDENTITY (
    SEQUENCE NAME public.auth_group_permissions_id_seq
    START WITH 1
    INCREMENT BY 1
    NO MINVALUE
    NO MAXVALUE
    CACHE 1
);


--
-- Name: auth_permission; Type: TABLE; Schema: public; Owner: aurora
--

CREATE TABLE public.auth_permission (
    id integer NOT NULL,
    name character varying(255) NOT NULL,
    content_type_id integer NOT NULL,
    codename character varying(100) NOT NULL
);


ALTER TABLE public.auth_permission OWNER TO aurora;

--
-- Name: auth_permission_id_seq; Type: SEQUENCE; Schema: public; Owner: aurora
--

ALTER TABLE public.auth_permission ALTER COLUMN id ADD GENERATED BY DEFAULT AS IDENTITY (
    SEQUENCE NAME public.auth_permission_id_seq
    START WITH 1
    INCREMENT BY 1
    NO MINVALUE
    NO MAXVALUE
    CACHE 1
);


--
-- Name: authentication_roles; Type: TABLE; Schema: public; Owner: aurora
--

CREATE TABLE public.authentication_roles (
    id bigint NOT NULL,
    action character varying(100) NOT NULL,
    resource character varying(255) NOT NULL,
    perms jsonb
);


ALTER TABLE public.authentication_roles OWNER TO aurora;

--
-- Name: authentication_roles_id_seq; Type: SEQUENCE; Schema: public; Owner: aurora
--

ALTER TABLE public.authentication_roles ALTER COLUMN id ADD GENERATED BY DEFAULT AS IDENTITY (
    SEQUENCE NAME public.authentication_roles_id_seq
    START WITH 1
    INCREMENT BY 1
    NO MINVALUE
    NO MAXVALUE
    CACHE 1
);


--
-- Name: authentication_usermodel; Type: TABLE; Schema: public; Owner: aurora
--

CREATE TABLE public.authentication_usermodel (
    id bigint NOT NULL,
    password character varying(128) NOT NULL,
    last_login timestamp with time zone,
    is_superuser boolean NOT NULL,
    username character varying(255) NOT NULL,
    phone character varying(14),
    email character varying(254),
    code character varying(6),
    code_expiry timestamp with time zone,
    max_code_try character varying(2),
    code_max_out timestamp with time zone,
    is_active boolean NOT NULL,
    is_user boolean NOT NULL,
    is_vendor boolean NOT NULL,
    is_staff boolean NOT NULL,
    is_manager boolean NOT NULL,
    is_supervisor boolean NOT NULL,
    user_registered_at timestamp with time zone NOT NULL,
    chat_id bigint
);


ALTER TABLE public.authentication_usermodel OWNER TO aurora;

--
-- Name: authentication_usermodel_groups; Type: TABLE; Schema: public; Owner: aurora
--

CREATE TABLE public.authentication_usermodel_groups (
    id bigint NOT NULL,
    usermodel_id bigint NOT NULL,
    group_id integer NOT NULL
);


ALTER TABLE public.authentication_usermodel_groups OWNER TO aurora;

--
-- Name: authentication_usermodel_groups_id_seq; Type: SEQUENCE; Schema: public; Owner: aurora
--

ALTER TABLE public.authentication_usermodel_groups ALTER COLUMN id ADD GENERATED BY DEFAULT AS IDENTITY (
    SEQUENCE NAME public.authentication_usermodel_groups_id_seq
    START WITH 1
    INCREMENT BY 1
    NO MINVALUE
    NO MAXVALUE
    CACHE 1
);


--
-- Name: authentication_usermodel_id_seq; Type: SEQUENCE; Schema: public; Owner: aurora
--

ALTER TABLE public.authentication_usermodel ALTER COLUMN id ADD GENERATED BY DEFAULT AS IDENTITY (
    SEQUENCE NAME public.authentication_usermodel_id_seq
    START WITH 1
    INCREMENT BY 1
    NO MINVALUE
    NO MAXVALUE
    CACHE 1
);


--
-- Name: authentication_usermodel_user_permissions; Type: TABLE; Schema: public; Owner: aurora
--

CREATE TABLE public.authentication_usermodel_user_permissions (
    id bigint NOT NULL,
    usermodel_id bigint NOT NULL,
    permission_id integer NOT NULL
);


ALTER TABLE public.authentication_usermodel_user_permissions OWNER TO aurora;

--
-- Name: authentication_usermodel_user_permissions_id_seq; Type: SEQUENCE; Schema: public; Owner: aurora
--

ALTER TABLE public.authentication_usermodel_user_permissions ALTER COLUMN id ADD GENERATED BY DEFAULT AS IDENTITY (
    SEQUENCE NAME public.authentication_usermodel_user_permissions_id_seq
    START WITH 1
    INCREMENT BY 1
    NO MINVALUE
    NO MAXVALUE
    CACHE 1
);


--
-- Name: django_admin_log; Type: TABLE; Schema: public; Owner: aurora
--

CREATE TABLE public.django_admin_log (
    id integer NOT NULL,
    action_time timestamp with time zone NOT NULL,
    object_id text,
    object_repr character varying(200) NOT NULL,
    action_flag smallint NOT NULL,
    change_message text NOT NULL,
    content_type_id integer,
    user_id bigint NOT NULL,
    CONSTRAINT django_admin_log_action_flag_check CHECK ((action_flag >= 0))
);


ALTER TABLE public.django_admin_log OWNER TO aurora;

--
-- Name: django_admin_log_id_seq; Type: SEQUENCE; Schema: public; Owner: aurora
--

ALTER TABLE public.django_admin_log ALTER COLUMN id ADD GENERATED BY DEFAULT AS IDENTITY (
    SEQUENCE NAME public.django_admin_log_id_seq
    START WITH 1
    INCREMENT BY 1
    NO MINVALUE
    NO MAXVALUE
    CACHE 1
);


--
-- Name: django_content_type; Type: TABLE; Schema: public; Owner: aurora
--

CREATE TABLE public.django_content_type (
    id integer NOT NULL,
    app_label character varying(100) NOT NULL,
    model character varying(100) NOT NULL
);


ALTER TABLE public.django_content_type OWNER TO aurora;

--
-- Name: django_content_type_id_seq; Type: SEQUENCE; Schema: public; Owner: aurora
--

ALTER TABLE public.django_content_type ALTER COLUMN id ADD GENERATED BY DEFAULT AS IDENTITY (
    SEQUENCE NAME public.django_content_type_id_seq
    START WITH 1
    INCREMENT BY 1
    NO MINVALUE
    NO MAXVALUE
    CACHE 1
);


--
-- Name: django_migrations; Type: TABLE; Schema: public; Owner: aurora
--

CREATE TABLE public.django_migrations (
    id bigint NOT NULL,
    app character varying(255) NOT NULL,
    name character varying(255) NOT NULL,
    applied timestamp with time zone NOT NULL
);


ALTER TABLE public.django_migrations OWNER TO aurora;

--
-- Name: django_migrations_id_seq; Type: SEQUENCE; Schema: public; Owner: aurora
--

ALTER TABLE public.django_migrations ALTER COLUMN id ADD GENERATED BY DEFAULT AS IDENTITY (
    SEQUENCE NAME public.django_migrations_id_seq
    START WITH 1
    INCREMENT BY 1
    NO MINVALUE
    NO MAXVALUE
    CACHE 1
);


--
-- Name: django_session; Type: TABLE; Schema: public; Owner: aurora
--

CREATE TABLE public.django_session (
    session_key character varying(40) NOT NULL,
    session_data text NOT NULL,
    expire_date timestamp with time zone NOT NULL
);


ALTER TABLE public.django_session OWNER TO aurora;

--
-- Name: product_category; Type: TABLE; Schema: public; Owner: aurora
--

CREATE TABLE public.product_category (
    id bigint NOT NULL,
    created_time timestamp with time zone,
    update_time timestamp with time zone,
    is_active boolean NOT NULL,
    name character varying(225) NOT NULL,
    "order" integer NOT NULL,
    created_by_id bigint,
    restaurant_id bigint,
    update_by_id bigint
);


ALTER TABLE public.product_category OWNER TO aurora;

--
-- Name: product_category_id_seq; Type: SEQUENCE; Schema: public; Owner: aurora
--

ALTER TABLE public.product_category ALTER COLUMN id ADD GENERATED BY DEFAULT AS IDENTITY (
    SEQUENCE NAME public.product_category_id_seq
    START WITH 1
    INCREMENT BY 1
    NO MINVALUE
    NO MAXVALUE
    CACHE 1
);


--
-- Name: product_menu; Type: TABLE; Schema: public; Owner: aurora
--

CREATE TABLE public.product_menu (
    id bigint NOT NULL,
    created_time timestamp with time zone,
    update_time timestamp with time zone,
    is_active boolean NOT NULL,
    name character varying(225),
    description text,
    price integer,
    currency character varying(100) NOT NULL,
    photo character varying(100),
    availability boolean NOT NULL,
    category_id bigint,
    created_by_id bigint,
    restaurant_id bigint,
    update_by_id bigint
);


ALTER TABLE public.product_menu OWNER TO aurora;

--
-- Name: product_menu_id_seq; Type: SEQUENCE; Schema: public; Owner: aurora
--

ALTER TABLE public.product_menu ALTER COLUMN id ADD GENERATED BY DEFAULT AS IDENTITY (
    SEQUENCE NAME public.product_menu_id_seq
    START WITH 1
    INCREMENT BY 1
    NO MINVALUE
    NO MAXVALUE
    CACHE 1
);


--
-- Name: restaurant_restaurant; Type: TABLE; Schema: public; Owner: aurora
--

CREATE TABLE public.restaurant_restaurant (
    id bigint NOT NULL,
    created_time timestamp with time zone,
    update_time timestamp with time zone,
    is_active boolean NOT NULL,
    name character varying(225) NOT NULL,
    adress character varying(225) NOT NULL,
    telegram_link character varying(225) NOT NULL,
    instagram_link character varying(225) NOT NULL,
    orders boolean NOT NULL,
    waiter boolean NOT NULL,
    backgroud_photo character varying(100) NOT NULL,
    logo character varying(100) NOT NULL,
    orders_chat_id bigint,
    waiter_chat_id bigint,
    stir bigint,
    legal_name character varying(255),
    legal_adress character varying(255),
    contact_entity character varying(255),
    contact_support character varying(255),
    admin_id bigint,
    created_by_id bigint,
    update_by_id bigint
);


ALTER TABLE public.restaurant_restaurant OWNER TO aurora;

--
-- Name: restaurant_restaurant_editors; Type: TABLE; Schema: public; Owner: aurora
--

CREATE TABLE public.restaurant_restaurant_editors (
    id bigint NOT NULL,
    restaurant_id bigint NOT NULL,
    usermodel_id bigint NOT NULL
);


ALTER TABLE public.restaurant_restaurant_editors OWNER TO aurora;

--
-- Name: restaurant_restaurant_editors_id_seq; Type: SEQUENCE; Schema: public; Owner: aurora
--

ALTER TABLE public.restaurant_restaurant_editors ALTER COLUMN id ADD GENERATED BY DEFAULT AS IDENTITY (
    SEQUENCE NAME public.restaurant_restaurant_editors_id_seq
    START WITH 1
    INCREMENT BY 1
    NO MINVALUE
    NO MAXVALUE
    CACHE 1
);


--
-- Name: restaurant_restaurant_id_seq; Type: SEQUENCE; Schema: public; Owner: aurora
--

ALTER TABLE public.restaurant_restaurant ALTER COLUMN id ADD GENERATED BY DEFAULT AS IDENTITY (
    SEQUENCE NAME public.restaurant_restaurant_id_seq
    START WITH 1
    INCREMENT BY 1
    NO MINVALUE
    NO MAXVALUE
    CACHE 1
);


--
-- Data for Name: auth_group; Type: TABLE DATA; Schema: public; Owner: aurora
--

COPY public.auth_group (id, name) FROM stdin;
\.


--
-- Data for Name: auth_group_permissions; Type: TABLE DATA; Schema: public; Owner: aurora
--

COPY public.auth_group_permissions (id, group_id, permission_id) FROM stdin;
\.


--
-- Data for Name: auth_permission; Type: TABLE DATA; Schema: public; Owner: aurora
--

COPY public.auth_permission (id, name, content_type_id, codename) FROM stdin;
1	Can add log entry	1	add_logentry
2	Can change log entry	1	change_logentry
3	Can delete log entry	1	delete_logentry
4	Can view log entry	1	view_logentry
5	Can add permission	2	add_permission
6	Can change permission	2	change_permission
7	Can delete permission	2	delete_permission
8	Can view permission	2	view_permission
9	Can add group	3	add_group
10	Can change group	3	change_group
11	Can delete group	3	delete_group
12	Can view group	3	view_group
13	Can add content type	4	add_contenttype
14	Can change content type	4	change_contenttype
15	Can delete content type	4	delete_contenttype
16	Can view content type	4	view_contenttype
17	Can add session	5	add_session
18	Can change session	5	change_session
19	Can delete session	5	delete_session
20	Can view session	5	view_session
21	Can add roles	6	add_roles
22	Can change roles	6	change_roles
23	Can delete roles	6	delete_roles
24	Can view roles	6	view_roles
25	Can add user model	7	add_usermodel
26	Can change user model	7	change_usermodel
27	Can delete user model	7	delete_usermodel
28	Can view user model	7	view_usermodel
29	Can add category	8	add_category
30	Can change category	8	change_category
31	Can delete category	8	delete_category
32	Can view category	8	view_category
33	Can add menu	9	add_menu
34	Can change menu	9	change_menu
35	Can delete menu	9	delete_menu
36	Can view menu	9	view_menu
37	Can add restaurant	10	add_restaurant
38	Can change restaurant	10	change_restaurant
39	Can delete restaurant	10	delete_restaurant
40	Can view restaurant	10	view_restaurant
\.


--
-- Data for Name: authentication_roles; Type: TABLE DATA; Schema: public; Owner: aurora
--

COPY public.authentication_roles (id, action, resource, perms) FROM stdin;
\.


--
-- Data for Name: authentication_usermodel; Type: TABLE DATA; Schema: public; Owner: aurora
--

COPY public.authentication_usermodel (id, password, last_login, is_superuser, username, phone, email, code, code_expiry, max_code_try, code_max_out, is_active, is_user, is_vendor, is_staff, is_manager, is_supervisor, user_registered_at, chat_id) FROM stdin;
16	pbkdf2_sha256$600000$20vldBYMxcuc6tn1BBidQ4$sVHNBlcEC89l4Q+IygYiHfd+wW0A1CF+Wgwzk0c2Vh4=	2025-02-23 07:02:59+00	t	admin	\N	admin@mail.ru	000000	\N	6	\N	t	f	f	t	t	t	2025-02-23 07:01:18.618076+00	\N
6		\N	f	theplov	\N	theplov_1@mail.ru	123458	2025-02-25 05:24:53.677322+00	6	\N	t	f	t	f	f	f	2025-02-25 05:24:54.443389+00	\N
2		\N	f	staff	\N	staff_2@mail.ru	123459	2025-02-25 05:24:54.945828+00	6	\N	t	f	t	f	f	f	2025-02-25 05:24:55.449975+00	\N
5		\N	f	craft	\N	craft_3@mail.ru	123460	2025-02-25 05:24:55.953281+00	6	\N	t	f	t	f	f	f	2025-02-25 05:24:56.459296+00	\N
7		\N	f	bon-bon	\N	bon-bon_4@mail.ru	123461	2025-02-25 05:24:56.955061+00	6	\N	t	f	t	f	f	f	2025-02-25 05:24:57.459744+00	\N
4		\N	f	joy	\N	joy_5@mail.ru	123462	2025-02-25 05:24:57.959802+00	6	\N	t	f	t	f	f	f	2025-02-25 05:24:58.468653+00	\N
1		\N	f	admin	\N	admin_6@mail.ru	123463	2025-02-25 05:24:58.964402+00	6	\N	t	f	t	f	f	f	2025-02-25 05:24:59.478438+00	\N
3		\N	f	test	\N	test_7@mail.ru	123464	2025-02-25 05:24:59.976842+00	6	\N	t	f	t	f	f	f	2025-02-25 05:25:00.477374+00	\N
\.


--
-- Data for Name: authentication_usermodel_groups; Type: TABLE DATA; Schema: public; Owner: aurora
--

COPY public.authentication_usermodel_groups (id, usermodel_id, group_id) FROM stdin;
\.


--
-- Data for Name: authentication_usermodel_user_permissions; Type: TABLE DATA; Schema: public; Owner: aurora
--

COPY public.authentication_usermodel_user_permissions (id, usermodel_id, permission_id) FROM stdin;
\.


--
-- Data for Name: django_admin_log; Type: TABLE DATA; Schema: public; Owner: aurora
--

COPY public.django_admin_log (id, action_time, object_id, object_repr, action_flag, change_message, content_type_id, user_id) FROM stdin;
13	2025-02-23 07:11:12.179317+00	15	test213	3		7	16
14	2025-02-23 07:11:12.183265+00	14	test123	3		7	16
15	2025-02-23 07:11:12.1852+00	13	test1	3		7	16
16	2025-02-23 10:41:27.525762+00	22	test	3		7	16
17	2025-02-23 10:41:27.529699+00	21	test4	3		7	16
18	2025-02-23 10:41:27.53153+00	20	test3	3		7	16
19	2025-02-23 10:41:27.533647+00	19	test2	3		7	16
20	2025-02-23 10:41:27.53541+00	18	bomurotov-u	3		7	16
21	2025-02-23 10:41:27.537242+00	17	test1	3		7	16
22	2025-02-23 11:57:46.854919+00	31	test234555	3		7	16
23	2025-02-23 11:57:46.862072+00	30	test2233	3		7	16
24	2025-02-23 11:57:46.863887+00	29	m-gulyamov	3		7	16
25	2025-02-23 11:57:46.865558+00	28	u-bomurotov	3		7	16
26	2025-02-23 11:57:46.866955+00	27	bomurotov-u2	3		7	16
27	2025-02-23 11:57:46.868634+00	26	test123	3		7	16
28	2025-02-23 11:57:46.870209+00	25	test12	3		7	16
29	2025-02-23 11:57:46.871743+00	24	test	3		7	16
30	2025-02-23 11:57:46.873242+00	23	bomurotov-u	3		7	16
31	2025-02-23 12:02:04.917633+00	32	test	2	[]	7	16
32	2025-02-25 04:25:30.862168+00	16	admin	2	[{"changed": {"fields": ["Email", "Code"]}}]	7	16
33	2025-02-25 04:54:58.977657+00	33	test1	3		7	16
34	2025-02-25 04:54:58.980569+00	32	test	3		7	16
35	2025-02-25 05:24:26.023735+00	7	bon-bon	3		7	16
36	2025-02-25 05:24:26.02702+00	6	theplov	3		7	16
37	2025-02-25 05:24:26.029321+00	5	craft	3		7	16
38	2025-02-25 05:24:26.031473+00	4	joy	3		7	16
39	2025-02-25 05:24:26.033454+00	3	test	3		7	16
40	2025-02-25 05:24:26.035334+00	2	staff	3		7	16
41	2025-02-25 05:24:26.037674+00	1	admin	3		7	16
42	2025-02-25 05:24:40.754252+00	1	Pasta House	3		10	16
43	2025-02-25 05:24:40.756687+00	3	Olivia	3		10	16
44	2025-02-25 05:24:40.758762+00	4	Joy Chaikhana	3		10	16
45	2025-02-25 05:24:40.760642+00	5	Craft Burger	3		10	16
46	2025-02-25 05:24:40.762301+00	6	The Plov	3		10	16
47	2025-02-25 05:24:40.76426+00	7	Bon Bon	3		10	16
\.


--
-- Data for Name: django_content_type; Type: TABLE DATA; Schema: public; Owner: aurora
--

COPY public.django_content_type (id, app_label, model) FROM stdin;
1	admin	logentry
2	auth	permission
3	auth	group
4	contenttypes	contenttype
5	sessions	session
6	authentication	roles
7	authentication	usermodel
8	product	category
9	product	menu
10	restaurant	restaurant
\.


--
-- Data for Name: django_migrations; Type: TABLE DATA; Schema: public; Owner: aurora
--

COPY public.django_migrations (id, app, name, applied) FROM stdin;
1	contenttypes	0001_initial	2025-02-17 04:12:57.157612+00
2	contenttypes	0002_remove_content_type_name	2025-02-17 04:12:59.000429+00
3	auth	0001_initial	2025-02-17 04:13:04.018105+00
4	auth	0002_alter_permission_name_max_length	2025-02-17 04:13:05.24662+00
5	auth	0003_alter_user_email_max_length	2025-02-17 04:13:06.475702+00
6	auth	0004_alter_user_username_opts	2025-02-17 04:13:07.705977+00
7	auth	0005_alter_user_last_login_null	2025-02-17 04:13:08.881554+00
8	auth	0006_require_contenttypes_0002	2025-02-17 04:13:10.059634+00
9	auth	0007_alter_validators_add_error_messages	2025-02-17 04:13:11.288381+00
10	auth	0008_alter_user_username_max_length	2025-02-17 04:13:12.517267+00
11	auth	0009_alter_user_last_name_max_length	2025-02-17 04:13:13.694144+00
12	auth	0010_alter_group_name_max_length	2025-02-17 04:13:15.026648+00
13	auth	0011_update_proxy_permissions	2025-02-17 04:13:16.409556+00
14	auth	0012_alter_user_first_name_max_length	2025-02-17 04:13:17.637296+00
15	authentication	0001_initial	2025-02-17 04:13:23.935103+00
16	admin	0001_initial	2025-02-17 04:13:26.444543+00
17	admin	0002_logentry_remove_auto_add	2025-02-17 04:13:27.365102+00
18	admin	0003_logentry_add_action_flag_choices	2025-02-17 04:13:28.594205+00
19	restaurant	0001_initial	2025-02-17 04:13:34.123819+00
20	product	0001_initial	2025-02-17 04:13:40.267692+00
21	sessions	0001_initial	2025-02-17 04:13:42.31489+00
22	product	0002_alter_category_restaurant_alter_menu_restaurant	2025-02-17 19:50:56.857534+00
23	authentication	0002_alter_usermodel_code_alter_usermodel_email_and_more	2025-02-23 10:41:35.427977+00
\.


--
-- Data for Name: django_session; Type: TABLE DATA; Schema: public; Owner: aurora
--

COPY public.django_session (session_key, session_data, expire_date) FROM stdin;
cryciofmsqvo6bsca38sc0bb7l4f8gj5	.eJxVjDsOwjAQRO_iGlnrjX-hpOcM1tpecADZUpxUiLuTSCmgG817M28RaF1KWDvPYcriLJQVp98yUnpy3Ul-UL03mVpd5inKXZEH7fLaMr8uh_t3UKiXbY0ORrTgRySHCYE9K-uRlAYNoIwZ0o3BGiTKOjpLnsDAQDltgcmJzxfJdTce:1tm60x:pOjOwYzVoB7D-VocmR6DkdsAtmI3O6TImAY1Y6Bf-Gs	2025-03-09 07:02:59.232038+00
\.


--
-- Data for Name: product_category; Type: TABLE DATA; Schema: public; Owner: aurora
--

COPY public.product_category (id, created_time, update_time, is_active, name, "order", created_by_id, restaurant_id, update_by_id) FROM stdin;
41	2025-02-25 05:25:26.528098+00	2025-02-25 05:25:26.528134+00	f	Напитки	0	\N	5	\N
62	2025-02-25 05:25:26.528209+00	2025-02-25 05:25:26.528218+00	f	Хот дог	0	\N	7	\N
63	2025-02-25 05:25:26.528256+00	2025-02-25 05:25:26.528266+00	f	Бургеры	0	\N	7	\N
38	2025-02-25 05:25:26.528302+00	2025-02-25 05:25:26.528311+00	f	Side-dish	0	\N	5	\N
22	2025-02-25 05:25:26.528347+00	2025-02-25 05:25:26.528356+00	f	Салаты	0	\N	4	\N
24	2025-02-25 05:25:26.528391+00	2025-02-25 05:25:26.5284+00	f	Горячие закуски	0	\N	4	\N
26	2025-02-25 05:25:26.528436+00	2025-02-25 05:25:26.528445+00	f	Национальная кухня	0	\N	4	\N
5	2025-02-25 05:25:26.52848+00	2025-02-25 05:25:26.528489+00	f	Второе Блюдо	0	\N	3	\N
28	2025-02-25 05:25:26.528526+00	2025-02-25 05:25:26.528535+00	f	Гарниры	0	\N	4	\N
29	2025-02-25 05:25:26.528572+00	2025-02-25 05:25:26.52858+00	f	Десерты	0	\N	4	\N
23	2025-02-25 05:25:26.528617+00	2025-02-25 05:25:26.528628+00	f	Холодные закуски	0	\N	4	\N
2	2025-02-25 05:25:26.528665+00	2025-02-25 05:25:26.528674+00	f	Бургер	0	\N	3	\N
3	2025-02-25 05:25:26.52871+00	2025-02-25 05:25:26.528719+00	f	Пицца	0	\N	3	\N
25	2025-02-25 05:25:26.528754+00	2025-02-25 05:25:26.528763+00	f	Первые блюда	0	\N	4	\N
4	2025-02-25 05:25:26.528799+00	2025-02-25 05:25:26.528807+00	f	Первое Блюдо	0	\N	3	\N
6	2025-02-25 05:25:26.528844+00	2025-02-25 05:25:26.528853+00	f	Салаты	0	\N	3	\N
32	2025-02-25 05:25:26.528887+00	2025-02-25 05:25:26.528896+00	f	Десерты	0	\N	3	\N
8	2025-02-25 05:25:26.528931+00	2025-02-25 05:25:26.52894+00	f	Аппетайзеры	0	\N	3	\N
64	2025-02-25 05:25:26.528974+00	2025-02-25 05:25:26.528983+00	f	Пицца Американская	0	\N	7	\N
7	2025-02-25 05:25:26.529019+00	2025-02-25 05:25:26.529027+00	f	Напитки	0	\N	3	\N
65	2025-02-25 05:25:26.529063+00	2025-02-25 05:25:26.529072+00	f	Пицца Итальянский	0	\N	7	\N
46	2025-02-25 05:25:26.529109+00	2025-02-25 05:25:26.529117+00	f	Achiq-chuchuk	0	\N	6	\N
66	2025-02-25 05:25:26.529154+00	2025-02-25 05:25:26.529163+00	f	Гарниры	0	\N	7	\N
67	2025-02-25 05:25:26.529202+00	2025-02-25 05:25:26.529211+00	f	Соусы	0	\N	7	\N
47	2025-02-25 05:25:26.529247+00	2025-02-25 05:25:26.529256+00	f	Golinkiy	0	\N	6	\N
16	2025-02-25 05:25:26.529292+00	2025-02-25 05:25:26.529301+00	f	Вторые блюда	0	\N	1	\N
31	2025-02-25 05:25:26.529338+00	2025-02-25 05:25:26.529347+00	f	test333	0	\N	1	\N
17	2025-02-25 05:25:26.529382+00	2025-02-25 05:25:26.529391+00	f	Первые блюда	0	\N	1	\N
27	2025-02-25 05:25:26.529428+00	2025-02-25 05:25:26.529436+00	f	Блюда на мангале	0	\N	4	\N
51	2025-02-25 05:25:26.529473+00	2025-02-25 05:25:26.529482+00	f	Завтраки	0	\N	7	\N
49	2025-02-25 05:25:26.529518+00	2025-02-25 05:25:26.529527+00	f	KFC	0	\N	5	\N
54	2025-02-25 05:25:26.529563+00	2025-02-25 05:25:26.529572+00	f	Сэндвич	0	\N	7	\N
33	2025-02-25 05:25:26.529609+00	2025-02-25 05:25:26.529617+00	f	Бургеры	0	\N	5	\N
35	2025-02-25 05:25:26.529654+00	2025-02-25 05:25:26.529663+00	f	Пицца	0	\N	5	\N
37	2025-02-25 05:25:26.52972+00	2025-02-25 05:25:26.529729+00	f	Хот-доги	0	\N	5	\N
48	2025-02-25 05:25:26.529775+00	2025-02-25 05:25:26.529788+00	f	Паста	0	\N	5	\N
34	2025-02-25 05:25:26.529825+00	2025-02-25 05:25:26.529834+00	f	Салаты	0	\N	5	\N
55	2025-02-25 05:25:26.52987+00	2025-02-25 05:25:26.529878+00	f	Салаты	0	\N	7	\N
39	2025-02-25 05:25:26.529914+00	2025-02-25 05:25:26.529922+00	f	Соусы	0	\N	5	\N
56	2025-02-25 05:25:26.52996+00	2025-02-25 05:25:26.529968+00	f	Супы	0	\N	7	\N
57	2025-02-25 05:25:26.530005+00	2025-02-25 05:25:26.530013+00	f	Ризотто	0	\N	7	\N
58	2025-02-25 05:25:26.530087+00	2025-02-25 05:25:26.530098+00	f	Паста	0	\N	7	\N
36	2025-02-25 05:25:26.530152+00	2025-02-25 05:25:26.530161+00	f	Стейки	0	\N	5	\N
40	2025-02-25 05:25:26.530197+00	2025-02-25 05:25:26.530206+00	f	Десерты	0	\N	5	\N
59	2025-02-25 05:25:26.530242+00	2025-02-25 05:25:26.530251+00	f	Блюдо из говядины	0	\N	7	\N
42	2025-02-25 05:25:26.530289+00	2025-02-25 05:25:26.530297+00	f	Коктейли	0	\N	5	\N
60	2025-02-25 05:25:26.530362+00	2025-02-25 05:25:26.530372+00	f	Блюдо из курицы	0	\N	7	\N
61	2025-02-25 05:25:26.530408+00	2025-02-25 05:25:26.530417+00	f	Стейки	0	\N	7	\N
\.


--
-- Data for Name: product_menu; Type: TABLE DATA; Schema: public; Owner: aurora
--

COPY public.product_menu (id, created_time, update_time, is_active, name, description, price, currency, photo, availability, category_id, created_by_id, restaurant_id, update_by_id) FROM stdin;
15	2025-02-25 05:50:53.645385+00	2025-02-25 05:50:53.645394+00	f	Supreme	170 г	75000	so'm	Olivia/category/Пицца/15_SHGMxlu.jpg	t	3	\N	3	\N
16	2025-02-25 05:50:53.645468+00	2025-02-25 05:50:53.645477+00	f	Мясной	175 г	75000	so'm	Olivia/category/Пицца/16_LC7xKYg.jpg	t	3	\N	3	\N
28	2025-02-25 05:50:53.645544+00	2025-02-25 05:50:53.645553+00	f	Лагман	\N	45000	so'm	Olivia/category/Первое Блюдо/28_Ou3jaqn.jpeg	t	4	\N	3	\N
17	2025-02-25 05:50:53.645636+00	2025-02-25 05:50:53.645647+00	f	Греческий	45 г	25000	so'm	Olivia/category/Салаты/17_LIur2sy.jpg	t	6	\N	3	\N
27	2025-02-25 05:50:53.645712+00	2025-02-25 05:50:53.645721+00	f	Солянка	\N	35000	so'm	Olivia/category/Первое Блюдо/27_eL0ISNh.jpg	t	4	\N	3	\N
21	2025-02-25 05:50:53.645783+00	2025-02-25 05:50:53.645792+00	f	Чай Узбекский	\N	10000	so'm	Olivia/category/Напитки/21_DZqo7Xf.jpg	t	7	\N	3	\N
77	2025-02-25 05:50:53.64585+00	2025-02-25 05:50:53.645858+00	f	Samsung	1234	1000	so'm	Pasta House/category/Первые блюда/77_9KcriSo.jpeg	t	17	\N	1	\N
18	2025-02-25 05:50:53.64592+00	2025-02-25 05:50:53.645929+00	f	Цезарь	25 г	35000	so'm	Olivia/category/Салаты/18_tlHzFeO.jpg	t	6	\N	3	\N
85	2025-02-25 05:50:53.645989+00	2025-02-25 05:50:53.645997+00	f	Греческий	\N	55000	so'm	Joy Chaikhana/category/Салаты/85_pD2mpoI.jpeg	t	22	\N	4	\N
87	2025-02-25 05:50:53.646055+00	2025-02-25 05:50:53.646062+00	f	Микс салат с языком	\N	55000	so'm	Joy Chaikhana/category/Салаты/87_EWy1mlR.jpeg	t	22	\N	4	\N
29	2025-02-25 05:50:53.64614+00	2025-02-25 05:50:53.646149+00	f	Стейк Особуко	200 г	150000	so'm	Olivia/category/Второе Блюдо/29_3Gp8LEG.jpg	t	5	\N	3	\N
30	2025-02-25 05:50:53.646269+00	2025-02-25 05:50:53.646278+00	f	Стейк	200 г	140000	so'm	Olivia/category/Второе Блюдо/30_0bVy9GL.jpg	t	5	\N	3	\N
32	2025-02-25 05:50:53.646338+00	2025-02-25 05:50:53.646346+00	f	Уйгурский Лагман	0.7	35000	so'm	Olivia/category/Второе Блюдо/32_1ox1brk.jpg	t	5	\N	3	\N
31	2025-02-25 05:50:53.646401+00	2025-02-25 05:50:53.646421+00	f	Плов	0.7	25000	so'm	Olivia/category/Второе Блюдо/31_neQRcko.jpg	t	5	\N	3	\N
89	2025-02-25 05:50:53.646508+00	2025-02-25 05:50:53.646517+00	f	Бичак со шпинатом	\N	30000	so'm	Joy Chaikhana/category/Горячие закуски/89_HLTTgwr.jpeg	t	24	\N	4	\N
33	2025-02-25 05:50:53.646575+00	2025-02-25 05:50:53.646583+00	f	Картофель Фри	50 г	15000	so'm	Olivia/category/Аппетайзеры/33_N8AMdBy.jpg	t	8	\N	3	\N
34	2025-02-25 05:50:53.646665+00	2025-02-25 05:50:53.646684+00	f	Картофель Деревенски	25 г	15000	so'm	Olivia/category/Аппетайзеры/34_FgtUrHc.webp	t	8	\N	3	\N
35	2025-02-25 05:50:53.646761+00	2025-02-25 05:50:53.64677+00	f	Гарлики	25 г	25001	so'm	Olivia/category/Аппетайзеры/35_YGm5zBy.jfif	t	8	\N	3	\N
36	2025-02-25 05:50:53.646832+00	2025-02-25 05:50:53.64684+00	f	Сырные Шарики	25 г	30000	so'm	Olivia/category/Аппетайзеры/36_CBZrldV.jpg	t	8	\N	3	\N
91	2025-02-25 05:50:53.646924+00	2025-02-25 05:50:53.646933+00	f	Сомса с картошкой	\N	12000	so'm	Joy Chaikhana/category/Горячие закуски/91_3qjfx0l.jpeg	t	24	\N	4	\N
40	2025-02-25 05:50:53.647004+00	2025-02-25 05:50:53.647013+00	f	White Burger	\N	35000	so'm	Olivia/category/Бургер/40_z0O6eLB.jpg	t	2	\N	3	\N
10	2025-02-25 05:50:53.647086+00	2025-02-25 05:50:53.647094+00	f	Стейк Бургер	155 г	55000	so'm	Olivia/category/Бургер/10_Z8UndbB.png	t	2	\N	3	\N
41	2025-02-25 05:50:53.647156+00	2025-02-25 05:50:53.647165+00	f	Burger with leaf	\N	40000	so'm	Olivia/category/Бургер/41_8rMBMua.jpg	t	2	\N	3	\N
269	2025-02-25 05:50:53.647223+00	2025-02-25 05:50:53.647231+00	f	Hd	Hx	62	so'm	Pasta House/category/test333/269_pzwV9gS.jpeg	t	31	\N	1	\N
47	2025-02-25 05:50:53.647289+00	2025-02-25 05:50:53.647297+00	f	new position	2324	32423890	so'm	Pasta House/category/Первое Блюдо/47_BtfyJ52.jpg	t	4	\N	1	\N
284	2025-02-25 05:50:53.647368+00	2025-02-25 05:50:53.647376+00	f	Golenkiy	\N	2000	so'm	The Plov/category/Golinkiy/284_aKaGkwT.jpeg	t	47	\N	6	\N
49	2025-02-25 05:50:53.647436+00	2025-02-25 05:50:53.647443+00	f	Дабль Чиз	150 г	45000	so'm	Olivia/category/Бургер/49_23x9NYT.webp	t	2	\N	3	\N
292	2025-02-25 05:50:53.647542+00	2025-02-25 05:50:53.647551+00	f	Карбонара	\N	50000	so'm	Craft Burger/category/Паста/292_Ms7qqqA.jpeg	t	48	\N	5	\N
173	2025-02-25 05:50:53.647619+00	2025-02-25 05:50:53.647627+00	f	Макаронс	null	8000	so'm	Craft Burger/category/Десерты/173_LzfGVpT.jpeg	t	40	\N	5	\N
293	2025-02-25 05:50:53.647681+00	2025-02-25 05:50:53.647688+00	f	Крылышки	null	75000	so'm	Craft Burger/category/KFC/293_YyKAolq.jpeg	t	49	\N	5	\N
289	2025-02-25 05:50:53.647765+00	2025-02-25 05:50:53.647772+00	f	Boloneze	\N	50000	so'm	Olivia/category/Первое Блюдо/289_HVJzY1c.jpeg	t	4	\N	3	\N
175	2025-02-25 05:50:53.647837+00	2025-02-25 05:50:53.647845+00	f	Птичье молоко	null	25000	so'm	Craft Burger/category/Десерты/175_V4t37SF.jpeg	t	40	\N	5	\N
307	2025-02-25 05:50:53.64791+00	2025-02-25 05:50:53.647918+00	f	Сырники с Вареньем	Золотистые творожные шайбочки, политые домашним малиновым вареньем.	24900	so'm	Bon Bon/category/Завтраки/307_doi9YMm.jpeg	t	51	\N	7	\N
308	2025-02-25 05:50:53.647975+00	2025-02-25 05:50:53.647994+00	f	Глазунья с сосисками	Классический английский завтрак из жареных куриных яиц и сочных сосисок.	19900	so'm	Bon Bon/category/Завтраки/308_xfOWIZr.jpeg	t	51	\N	7	\N
116	2025-02-25 05:50:53.648067+00	2025-02-25 05:50:53.648074+00	f	test	test	20002	so'm	Pasta House/category/Первые блюда/116_5DaXnCN.jpeg	t	17	\N	1	\N
99	2025-02-25 05:50:53.648131+00	2025-02-25 05:50:53.648138+00	f	Люля кебаб	\N	65000	so'm	Joy Chaikhana/category/Национальная кухня/99_3RWdTjn.jpeg	t	26	\N	4	\N
100	2025-02-25 05:50:53.648192+00	2025-02-25 05:50:53.6482+00	f	Кайиш с подливой	\N	50000	so'm	Joy Chaikhana/category/Национальная кухня/100_PyMFk6j.jpeg	t	26	\N	4	\N
84	2025-02-25 05:50:53.648249+00	2025-02-25 05:50:53.648256+00	f	Шакар об	\N	35000	so'm	Joy Chaikhana/category/Салаты/84_u3czaEJ.jpeg	t	22	\N	4	\N
86	2025-02-25 05:50:53.648305+00	2025-02-25 05:50:53.648313+00	f	Цезарь классический	\N	50000	so'm	Joy Chaikhana/category/Салаты/86_zPJRJGp.jpeg	t	22	\N	4	\N
88	2025-02-25 05:50:53.648363+00	2025-02-25 05:50:53.64837+00	f	Куриное филе в апельсиновом соусе	\N	50000	so'm	Joy Chaikhana/category/Салаты/88_BpRBqX2.jpeg	t	22	\N	4	\N
90	2025-02-25 05:50:53.648421+00	2025-02-25 05:50:53.64843+00	f	Бичак с мясом	\N	35000	so'm	Joy Chaikhana/category/Горячие закуски/90_asbwdsw.jpeg	t	24	\N	4	\N
92	2025-02-25 05:50:53.64849+00	2025-02-25 05:50:53.648498+00	f	Сомса с мясом	\N	15000	so'm	Joy Chaikhana/category/Горячие закуски/92_xGmyxrU.jpeg	t	24	\N	4	\N
94	2025-02-25 05:50:53.648559+00	2025-02-25 05:50:53.648567+00	f	Кутабы с зеленью и брынзой	\N	25000	so'm	Joy Chaikhana/category/Горячие закуски/94_2gPlthZ.jpeg	t	24	\N	4	\N
93	2025-02-25 05:50:53.64864+00	2025-02-25 05:50:53.648647+00	f	Чебуреки с мясом	\N	25000	so'm	Joy Chaikhana/category/Горячие закуски/93_oqhYc87.jpeg	t	24	\N	4	\N
95	2025-02-25 05:50:53.648696+00	2025-02-25 05:50:53.648704+00	f	Ханум	\N	50000	so'm	Joy Chaikhana/category/Национальная кухня/95_EYBXiO9.jpeg	t	26	\N	4	\N
96	2025-02-25 05:50:53.648755+00	2025-02-25 05:50:53.648764+00	f	Манты с мясом	\N	40000	so'm	Joy Chaikhana/category/Национальная кухня/96_cP1ZMoO.jpeg	t	26	\N	4	\N
97	2025-02-25 05:50:53.648826+00	2025-02-25 05:50:53.648844+00	f	Лагман по уйгурски	\N	50000	so'm	Joy Chaikhana/category/Национальная кухня/97_z6sL41I.jpeg	t	26	\N	4	\N
98	2025-02-25 05:50:53.648901+00	2025-02-25 05:50:53.648919+00	f	Жиз по-Бухарски (баранина)	\N	130000	so'm	Joy Chaikhana/category/Национальная кухня/98_pzNUaC7.jpeg	t	26	\N	4	\N
101	2025-02-25 05:50:53.648969+00	2025-02-25 05:50:53.648988+00	f	Дымляма из судака	\N	65000	so'm	Joy Chaikhana/category/Национальная кухня/101_mro5jAx.jpeg	t	26	\N	4	\N
102	2025-02-25 05:50:53.649082+00	2025-02-25 05:50:53.6491+00	f	Курут оба	\N	65000	so'm	Joy Chaikhana/category/Национальная кухня/102_ecHm9le.jpeg	t	26	\N	4	\N
103	2025-02-25 05:50:53.649152+00	2025-02-25 05:50:53.649159+00	f	Шивит оши	\N	45000	so'm	Joy Chaikhana/category/Национальная кухня/103_cAzNMrI.jpeg	t	26	\N	4	\N
104	2025-02-25 05:50:53.64921+00	2025-02-25 05:50:53.649218+00	f	Шашлык из баранины	\N	55000	so'm	Joy Chaikhana/category/Блюда на мангале/104_0gTlreM.jpeg	t	27	\N	4	\N
105	2025-02-25 05:50:53.649268+00	2025-02-25 05:50:53.649276+00	f	Шашлык из говядины	\N	55000	so'm	Joy Chaikhana/category/Блюда на мангале/105_aGNixeQ.jpeg	t	27	\N	4	\N
106	2025-02-25 05:50:53.64934+00	2025-02-25 05:50:53.649358+00	f	Молотый шашлык	\N	45000	so'm	Joy Chaikhana/category/Блюда на мангале/106_aeFvlFp.jpeg	t	27	\N	4	\N
109	2025-02-25 05:50:53.649439+00	2025-02-25 05:50:53.649446+00	f	Форель на мангале	\N	110000	so'm	Joy Chaikhana/category/Блюда на мангале/109_AiNa9QM.jpeg	t	27	\N	4	\N
108	2025-02-25 05:50:53.649562+00	2025-02-25 05:50:53.649579+00	f	Колбаски говяжьи	\N	60000	so'm	Joy Chaikhana/category/Блюда на мангале/108_BL5hpL8.jpeg	t	27	\N	4	\N
110	2025-02-25 05:50:53.649654+00	2025-02-25 05:50:53.649662+00	f	Картошка по деревенски	\N	20000	so'm	Joy Chaikhana/category/Гарниры/110_is7BiuX.jpeg	t	28	\N	4	\N
111	2025-02-25 05:50:53.649711+00	2025-02-25 05:50:53.649718+00	f	Картошка фри	\N	20000	so'm	Joy Chaikhana/category/Гарниры/111_ClmLLDD.jpeg	t	28	\N	4	\N
112	2025-02-25 05:50:53.649765+00	2025-02-25 05:50:53.649772+00	f	Медовик	\N	35000	so'm	Joy Chaikhana/category/Десерты/112_i3KYMre.jpeg	t	29	\N	4	\N
113	2025-02-25 05:50:53.649819+00	2025-02-25 05:50:53.649827+00	f	Чиз-кейк	\N	40000	so'm	Joy Chaikhana/category/Десерты/113_9CHqLrN.jpeg	t	29	\N	4	\N
114	2025-02-25 05:50:53.649874+00	2025-02-25 05:50:53.649881+00	f	Меренговый рулет	\N	35000	so'm	Joy Chaikhana/category/Десерты/114_xr36fwJ.jpeg	t	29	\N	4	\N
115	2025-02-25 05:50:53.649927+00	2025-02-25 05:50:53.649934+00	f	Жиз по уйгурски (говядина)	null	130000	so'm	Joy Chaikhana/category/Горячие закуски/115_36DOqY0.jpeg	t	24	\N	4	\N
117	2025-02-25 05:50:53.649979+00	2025-02-25 05:50:53.649986+00	f	pasta	\N	20000	so'm	Pasta House/category/Первые блюда/117_kc2oKDZ.jpeg	t	17	\N	1	\N
285	2025-02-25 05:50:53.650034+00	2025-02-25 05:50:53.650041+00	f	Альфредо	\N	50000	so'm	Craft Burger/category/Паста/285_OZ55ZjQ.jpeg	t	48	\N	5	\N
297	2025-02-25 05:50:53.650087+00	2025-02-25 05:50:53.650094+00	f	новый салат	новый	23000	so'm	Olivia/category/Салаты/297_Pj2M208.jpeg	t	6	\N	3	\N
131	2025-02-25 05:50:53.650146+00	2025-02-25 05:50:53.650153+00	f	Chicago	Белая булочка,говажья котлета,грибы шампиньоны,сыр хохланд,красный лук,фирменный соус,салатный лист,огурцы,помидор	52000	so'm	Craft Burger/category/Бургеры/131_fjDafCE.jpeg	t	33	\N	5	\N
152	2025-02-25 05:50:53.650205+00	2025-02-25 05:50:53.650212+00	f	Мужской каприз	null	35000	so'm	Craft Burger/category/Салаты/152_HUM7juO.jpeg	t	34	\N	5	\N
134	2025-02-25 05:50:53.650262+00	2025-02-25 05:50:53.650269+00	f	Double Burger	Белая булочка, двойная котлета, фирменный соус помидор, огурцы (марин.) сыр Хохланд	60000	so'm	Craft Burger/category/Бургеры/134_SIywieX.jpeg	t	33	\N	5	\N
172	2025-02-25 05:50:53.65032+00	2025-02-25 05:50:53.650327+00	f	Наполеон	null	27000	so'm	Craft Burger/category/Десерты/172_1ijQ3Qc.jpeg	t	40	\N	5	\N
142	2025-02-25 05:50:53.650379+00	2025-02-25 05:50:53.650386+00	f	Маргарита	Итальянское тесто, соус мутти, сыр моцарелла,\r\nпомидор, оливки, маслены, черри, болгарский перец.	50000	so'm	Craft Burger/category/Пицца/142_4Zod4TT.jpeg	t	35	\N	5	\N
135	2025-02-25 05:50:53.650436+00	2025-02-25 05:50:53.650447+00	f	Cheese Burger	Белая булочка, говяжий котлета, фирменный соус, салатный лист\r\nпомидор, огурцы (марин.) Сыр Хохланд	43000	so'm	Craft Burger/category/Бургеры/135_1wrbnPG.jpeg	t	33	\N	5	\N
107	2025-02-25 05:50:53.650493+00	2025-02-25 05:50:53.6505+00	f	Колбаски куриные с сыром	null	1	so'm	Joy Chaikhana/category/Блюда на мангале/107_e6lNJ8Y.jpeg	t	27	\N	4	\N
170	2025-02-25 05:50:53.650547+00	2025-02-25 05:50:53.650554+00	f	Медовик	null	27000	so'm	Craft Burger/category/Десерты/170_CVMQHeL.jpeg	t	40	\N	5	\N
140	2025-02-25 05:50:53.650601+00	2025-02-25 05:50:53.650609+00	f	Болоньезе	Итальянское тесто, соус мутти, сыр моцарелла, фаршированное мясо, оливки,маслены, черри, болгарский перец, грибы шампиньоны.	75000	so'm	Craft Burger/category/Пицца/140_B8VQP0o.jpeg	t	35	\N	5	\N
372	2025-02-25 05:50:53.650654+00	2025-02-25 05:50:53.650661+00	f	Чизкейк	\N	38000	so'm	Craft Burger/category/Десерты/372_P0d16IT.jpeg	t	40	\N	5	\N
154	2025-02-25 05:50:53.650712+00	2025-02-25 05:50:53.650718+00	f	Сырные палочки	null	15000	so'm	Craft Burger/category/Side-dish/154_Yg1gzby.jpeg	t	38	\N	5	\N
155	2025-02-25 05:50:53.65077+00	2025-02-25 05:50:53.650777+00	f	По деревенски	null	19000	so'm	Craft Burger/category/Side-dish/155_vdofxtA.jpeg	t	38	\N	5	\N
147	2025-02-25 05:50:53.650828+00	2025-02-25 05:50:53.650834+00	f	Греческий	null	35000	so'm	Craft Burger/category/Салаты/147_C20N3Q3.jpeg	t	34	\N	5	\N
321	2025-02-25 05:50:53.650882+00	2025-02-25 05:50:53.650888+00	f	Чай с лимоном	\N	10000	so'm	Craft Burger/category/Напитки/321_g4WTAa0.jpeg	t	41	\N	5	\N
162	2025-02-25 05:50:53.650935+00	2025-02-25 05:50:53.650942+00	f	Coca Cola	1.5L	16500	so'm	Craft Burger/category/Напитки/162_4fEJLS6.jpeg	t	41	\N	5	\N
305	2025-02-25 05:50:53.650988+00	2025-02-25 05:50:53.650995+00	f	Шакшука	Восточное блюдо из яиц, жареных в соусе из сладкого и острого перца, томатов, лука и чеснок.	30000	so'm	Bon Bon/category/Завтраки/305_O6am4HZ.jpeg	t	51	\N	7	\N
161	2025-02-25 05:50:53.651041+00	2025-02-25 05:50:53.651048+00	f	Медальон	null	120000	so'm	Craft Burger/category/Стейки/161_cTrCmRZ.jpeg	t	36	\N	5	\N
396	2025-02-25 05:50:53.651092+00	2025-02-25 05:50:53.651098+00	f	Соус Тар-Тар	null	4900	so'm	Bon Bon/category/Соусы/396_a9hzvKs.jpeg	t	67	\N	7	\N
290	2025-02-25 05:50:53.651144+00	2025-02-25 05:50:53.65115+00	f	Болоньезе	\N	50000	so'm	Olivia/category/Первое Блюдо/290_qgVN4rm.jpeg	t	4	\N	3	\N
166	2025-02-25 05:50:53.651195+00	2025-02-25 05:50:53.651202+00	f	Спартак	null	35000	so'm	Craft Burger/category/Десерты/166_TUz7oSU.jpeg	t	40	\N	5	\N
397	2025-02-25 05:50:53.651246+00	2025-02-25 05:50:53.651253+00	f	Соус Аврора	null	4900	so'm	Bon Bon/category/Соусы/397_YsfsdRM.jpeg	t	67	\N	7	\N
120	2025-02-25 05:50:53.651298+00	2025-02-25 05:50:53.651304+00	f	Маффин	12 гр	12000	so'm	Olivia/category/Десерты/120_Qjpi2ch.jpeg	t	32	\N	3	\N
150	2025-02-25 05:50:53.651349+00	2025-02-25 05:50:53.651356+00	f	Цезарь	null	35000	so'm	Craft Burger/category/Салаты/150_lNHHZo2.jpeg	t	34	\N	5	\N
279	2025-02-25 05:50:53.651404+00	2025-02-25 05:50:53.651411+00	f	Plov112	null	312	so'm	Pasta House/category/Вторые блюда/279_JG96prY.jpeg	t	16	\N	1	\N
294	2025-02-25 05:50:53.651455+00	2025-02-25 05:50:53.651462+00	f	Бон филе	\N	110000	so'm	Craft Burger/category/Стейки/294_34cOLG8.jpeg	t	36	\N	5	\N
165	2025-02-25 05:50:53.651509+00	2025-02-25 05:50:53.651515+00	f	Морковный	null	35000	so'm	Craft Burger/category/Десерты/165_HTS1cmx.jpeg	t	40	\N	5	\N
168	2025-02-25 05:50:53.651563+00	2025-02-25 05:50:53.651569+00	f	Опера	null	25000	so'm	Craft Burger/category/Десерты/168_hdl7oq0.jpeg	t	40	\N	5	\N
167	2025-02-25 05:50:53.651617+00	2025-02-25 05:50:53.651623+00	f	Захер	null	25000	so'm	Craft Burger/category/Десерты/167_CJCTetm.jpeg	t	40	\N	5	\N
169	2025-02-25 05:50:53.651668+00	2025-02-25 05:50:53.651675+00	f	Прага	null	25000	so'm	Craft Burger/category/Десерты/169_ICWD3PL.jpeg	t	40	\N	5	\N
320	2025-02-25 05:50:53.65172+00	2025-02-25 05:50:53.651727+00	f	Чай фруктовый	\N	25000	so'm	Craft Burger/category/Напитки/320_qNJPjj4.jpeg	t	41	\N	5	\N
158	2025-02-25 05:50:53.651775+00	2025-02-25 05:50:53.651781+00	f	Барбекью	\N	6000	so'm	Craft Burger/category/Соусы/158_CmjnGu5.jpeg	t	39	\N	5	\N
153	2025-02-25 05:50:53.65183+00	2025-02-25 05:50:53.651837+00	f	Стейк салат	\N	45000	so'm	Craft Burger/category/Салаты/153_wRiZVAj.jpeg	t	34	\N	5	\N
156	2025-02-25 05:50:53.651886+00	2025-02-25 05:50:53.651892+00	f	Чесночный	\N	6000	so'm	Craft Burger/category/Соусы/156_0yxdZdg.jpeg	t	39	\N	5	\N
157	2025-02-25 05:50:53.651936+00	2025-02-25 05:50:53.651943+00	f	Сырный	\N	6000	so'm	Craft Burger/category/Соусы/157_j8Pwx22.jpeg	t	39	\N	5	\N
159	2025-02-25 05:50:53.651988+00	2025-02-25 05:50:53.651995+00	f	Томатный	\N	6000	so'm	Craft Burger/category/Соусы/159_YaxhVde.jpeg	t	39	\N	5	\N
164	2025-02-25 05:50:53.652041+00	2025-02-25 05:50:53.652047+00	f	Сан-Себастьян	\N	40000	so'm	Craft Burger/category/Десерты/164_KxiQBDl.jpeg	t	40	\N	5	\N
129	2025-02-25 05:50:53.652098+00	2025-02-25 05:50:53.652105+00	f	Steak Burger	Белая булочка, говяжья вырезка, барбекю соус фирменный соус, салатный лист, помидор, огурцы(марин)	60000	so'm	Craft Burger/category/Бургеры/129_nnpt3k0.jpeg	t	33	\N	5	\N
132	2025-02-25 05:50:53.652154+00	2025-02-25 05:50:53.652161+00	f	Mushroom	Белая булочка, говяжий котлета, грибы шампиньоны красный лук,фирменный соус, салатный лист, помидор, огурцы (марин)	49000	so'm	Craft Burger/category/Бургеры/132_ow1LtYR.jpeg	t	33	\N	5	\N
133	2025-02-25 05:50:53.652224+00	2025-02-25 05:50:53.652231+00	f	Chicken	Белая булочка, куриная грудка, фирменный соус, салатный лист,соус карри, помидор, огурцы (марин.)	39000	so'm	Craft Burger/category/Бургеры/133_SxF0eJh.jpeg	t	33	\N	5	\N
136	2025-02-25 05:50:53.652283+00	2025-02-25 05:50:53.65229+00	f	Classic	Белая булочка, говяжий котлета, красный лук, фирменный соус салатный лист, помидор, огурцы (марин.)	39000	so'm	Craft Burger/category/Бургеры/136_xmEucpa.jpeg	t	33	\N	5	\N
174	2025-02-25 05:50:53.652343+00	2025-02-25 05:50:53.652349+00	f	Эстерхази фисташка	null	35000	so'm	Craft Burger/category/Десерты/174_rol9r6j.jpeg	t	40	\N	5	\N
139	2025-02-25 05:50:53.652393+00	2025-02-25 05:50:53.6524+00	f	Комбо	Итальянское тесто, соус мутти, сыр моцарелла, копченая индейка, прессованное мясо,\r\n70.000\r\nколбаски пепперони, оливки, маслены, черри, болгарский перец грибы шампиньоны.	77000	so'm	Craft Burger/category/Пицца/139_sOTqsat.jpeg	t	35	\N	5	\N
141	2025-02-25 05:50:53.652504+00	2025-02-25 05:50:53.65251+00	f	Сhicken	Итальянское тесто, соус мутти, сыр моцарелла, куриный филе,оливки,маслены,черри,болгарский перец,грибы шампиньоны	70000	so'm	Craft Burger/category/Пицца/141_rmkKRZj.jpeg	t	35	\N	5	\N
143	2025-02-25 05:50:53.652554+00	2025-02-25 05:50:53.652561+00	f	Craft	Итальянское тесто, соус мутти, сыр моцарелла, говяжья вырезка, оливки, маслены, черри, болгарский перец, грибы шампиньоны:	82000	so'm	Craft Burger/category/Пицца/143_qaeG619.jpeg	t	35	\N	5	\N
144	2025-02-25 05:50:53.652615+00	2025-02-25 05:50:53.652621+00	f	Пепперони	Итальянское тесто, соус мутти, сыр моцарелла, колбаски пепперони, оливки, маслены,	70000	so'm	Craft Burger/category/Пицца/144_IcI3i9X.jpeg	t	35	\N	5	\N
325	2025-02-25 05:50:53.652723+00	2025-02-25 05:50:53.652729+00	f	Крем суп чечевичный	Популярное блюдо турецкой кухни является постным по составу, нейтральным по вкусу, который приправляют лимонным соком или пряным соусом-заправкой из растопленного масла и молотого острого перца.	24900	so'm	Bon Bon/category/Супы/325_n6tlre7.jpeg	t	56	\N	7	\N
298	2025-02-25 05:50:53.652777+00	2025-02-25 05:50:53.652783+00	f	Нежный омлет с моцареллой	Простой завтрак в итальянском стиле из пышного омлета и тягучего сыра моцарелла.	19900	so'm	Bon Bon/category/Завтраки/298_vl9bygG.jpeg	t	51	\N	7	\N
306	2025-02-25 05:50:53.652832+00	2025-02-25 05:50:53.652838+00	f	Блины домашние	Ажурные блинчики со вкусом дома. \r\nПодаются с нежной сметаной, натуральном мёдом и джемом.	20000	so'm	Bon Bon/category/Завтраки/306_XlzjT8v.jpeg	t	51	\N	7	\N
299	2025-02-25 05:50:53.652884+00	2025-02-25 05:50:53.652891+00	f	Pasta	нфавпрфыдвпыфлв	12000	so'm	Olivia/category/Первое Блюдо/299_BC3cZz5.png	t	4	\N	3	\N
398	2025-02-25 05:50:53.652941+00	2025-02-25 05:50:53.652948+00	f	Соус чили	null	3000	so'm	Bon Bon/category/Соусы/398_pjjfEDP.jpeg	t	67	\N	7	\N
191	2025-02-25 05:50:53.652996+00	2025-02-25 05:50:53.653002+00	f	Айс tea	\N	14000	so'm	Craft Burger/category/Коктейли/191_KxPjBnM.jpeg	t	42	\N	5	\N
192	2025-02-25 05:50:53.65305+00	2025-02-25 05:50:53.653056+00	f	Апельсиновый фреш	\N	18000	so'm	Craft Burger/category/Коктейли/192_3r4wo3P.jpeg	t	42	\N	5	\N
193	2025-02-25 05:50:53.653109+00	2025-02-25 05:50:53.653116+00	f	Разливная кола	400 мл	6000	so'm	Craft Burger/category/Напитки/193_QpSK7pf.jpeg	t	41	\N	5	\N
283	2025-02-25 05:50:53.653166+00	2025-02-25 05:50:53.653172+00	f	Sveji	\N	2000	so'm	The Plov/category/Achiq-chuchuk/283_iuHzTAy.jpeg	t	46	\N	6	\N
11	2025-02-25 05:50:53.644834+00	2025-02-25 05:50:53.644854+00	f	Грилл Бургер	145 г	45000	so'm	Olivia/category/Бургер/11_v55ewmu.png	t	2	\N	3	\N
9	2025-02-25 05:50:53.64493+00	2025-02-25 05:50:53.64494+00	f	Дабл Бургер	140 г	35000	so'm	Olivia/category/Бургер/9_qcTdZVF.jpg	t	2	\N	3	\N
186	2025-02-25 05:50:53.652447+00	2025-02-25 05:50:53.652454+00	f	Double	null	33000	so'm	Craft Burger/category/Хот-доги/186_LzAArkz.jpeg	t	37	\N	5	\N
189	2025-02-25 05:50:53.653217+00	2025-02-25 05:50:53.653224+00	f	Мохито клубничный	null	25000	so'm	Craft Burger/category/Коктейли/189_44QYAAZ.jpeg	t	42	\N	5	\N
209	2025-02-25 05:50:53.653273+00	2025-02-25 05:50:53.65328+00	f	Student хот дог	null	35000	so'm	Craft Burger/category/Хот-доги/209_ALtZWK4.jpeg	t	37	\N	5	\N
190	2025-02-25 05:50:53.653324+00	2025-02-25 05:50:53.65333+00	f	Мохито	\N	20000	so'm	Craft Burger/category/Коктейли/190_U51ClRS.jpeg	t	42	\N	5	\N
291	2025-02-25 05:50:53.653374+00	2025-02-25 05:50:53.653381+00	f	Болоньезе	\N	50000	so'm	Craft Burger/category/Паста/291_9MpKV5M.jpeg	t	48	\N	5	\N
295	2025-02-25 05:50:53.653426+00	2025-02-25 05:50:53.653432+00	f	Куриный Стейк	\N	50000	so'm	Craft Burger/category/Стейки/295_fqyXd3R.jpeg	t	36	\N	5	\N
213	2025-02-25 05:50:53.653478+00	2025-02-25 05:50:53.653484+00	f	26	Aywy	132	so'm	Pasta House/category/test333/213_VsSdjPF.jpeg	t	31	\N	1	\N
130	2025-02-25 05:50:53.653529+00	2025-02-25 05:50:53.653535+00	f	Super Burger	Белая булочка,говяжья котлета,фирменный соус,салатный лист,болгарский перец, помидоры, огурцы (марин.), острый перец, лук порей.	42000	so'm	Craft Burger/category/Бургеры/130_hLTv1Yi.jpeg	t	33	\N	5	\N
342	2025-02-25 05:50:53.653579+00	2025-02-25 05:50:53.653586+00	f	Куриные котлеты с соусом тар-тар	Куриные котлеты, подаются в сливочном соусе тар-тар и гарниром из нежного пюре и рассыпчатого риса.	34900	so'm	Bon Bon/category/Блюдо из курицы/342_NKXoGpV.jpeg	t	60	\N	7	\N
330	2025-02-25 05:50:53.653631+00	2025-02-25 05:50:53.653638+00	f	Сырный	Питательный суп, основным компонентом которого является плавленый сыра. \r\nДополняется он нежными шампиньонами и кубиками сладкого картофеля.	29900	so'm	Bon Bon/category/Супы/330_zWSAXpl.jpeg	t	56	\N	7	\N
334	2025-02-25 05:50:53.653686+00	2025-02-25 05:50:53.653693+00	f	Карбонара	Спагетти с мелкими кусочками копченого мяса, смешанные с соусом из яиц, сыра пармезан и свежемолотого чёрного перца.	39900	so'm	Bon Bon/category/Паста/334_Niex7wf.jpeg	t	58	\N	7	\N
338	2025-02-25 05:50:53.653757+00	2025-02-25 05:50:53.653765+00	f	Нуто-Мясо с Пюре	Филе Говядины, Горох Узбекский, Красный Перец, Огурцы Свежие, Масло Чесночное, Масло Растительное, Соус, Специи.\r\nНа Гарнир домашнее пюре.	49900	so'm	Bon Bon/category/Блюдо из говядины/338_vTlB607.jpeg	t	59	\N	7	\N
346	2025-02-25 05:50:53.653812+00	2025-02-25 05:50:53.653818+00	f	Стейк Бон Филе с Грибами	Нежный, классический стейк с добавлением сливочного соуса и нежных шампиньонов подается на блюде, украшенном домашним картофельным пюре.	119900	so'm	Bon Bon/category/Стейки/346_Afi5fs8.jpeg	t	61	\N	7	\N
350	2025-02-25 05:50:53.65387+00	2025-02-25 05:50:53.653877+00	f	Стейк куриный	Низкокалорийный стейк из куриной грудки, маринованной в пряных специях подается с соусом на выбор.	34900	so'm	Bon Bon/category/Стейки/350_opcWZHG.jpeg	t	61	\N	7	\N
353	2025-02-25 05:50:53.653928+00	2025-02-25 05:50:53.653935+00	f	Стейк Рыбой	Стейк, отличающийся богатым вкусом готовится из вырезки Рыбой без кости, прожаренной по классической технологии, гарнируется данное блюдо картофельным пюре.	119900	so'm	Bon Bon/category/Стейки/353_mkYL0QB.jpeg	t	61	\N	7	\N
356	2025-02-25 05:50:53.65398+00	2025-02-25 05:50:53.653986+00	f	ЧизСтейк Чиккен	Тонкие ломтики куриного филе, покрытые плавленым сыром Моцарелла, Сырным соусом и соусом Тар Тар подаются в хрустящей булочке, Начиненной золотистыми шампиньонами и колечками репчатого лука.	35000	so'm	Bon Bon/category/Стейки/356_Cw0yoxm.jpeg	t	61	\N	7	\N
359	2025-02-25 05:50:53.654036+00	2025-02-25 05:50:53.654042+00	f	Классический Хот Дог	Сырная жареная сосиска, подается в разрезе булочки, начиненной салатом и чесночным соусом.	25000	so'm	Bon Bon/category/Хот дог/359_kaV1ZwU.jpeg	t	62	\N	7	\N
362	2025-02-25 05:50:53.654086+00	2025-02-25 05:50:53.654092+00	f	Мисс Дейзи	Бесподобный бургер с добавлением соусом Аврора между булочками, посыпанными кунжутом аккуратно разложены говяжья котлета, карамелизованный шампиньоны, свежие листья шпината и салата.	39900	so'm	Bon Bon/category/Бургеры/362_fUiKEmy.jpeg	t	63	\N	7	\N
365	2025-02-25 05:50:53.654153+00	2025-02-25 05:50:53.654159+00	f	Трюфель	Бургер с нотками французской кузни. Сочный бифштекс из говядины, низко-калорийное куриное филе, два нежных ломтика сыра и листовой салат под горчичным уступом на свежеиспеченной булочке.	44900	so'm	Bon Bon/category/Бургеры/365_T7OjNcW.jpeg	t	63	\N	7	\N
369	2025-02-25 05:50:53.654207+00	2025-02-25 05:50:53.654214+00	f	Барракуда	Пицца в Американском стиле готовится на толстом тесте. В основу начинки входит говяжье и куриное мясо, а также говяжий язык от соусом Италия с оливковым маслом.	129900	so'm	Bon Bon/category/Пицца Американская/369_QxArvrx.jpeg	t	64	\N	7	\N
375	2025-02-25 05:50:53.654265+00	2025-02-25 05:50:53.654271+00	f	Сырный квартет	Мега сырная пицца из 4 видов сыра.	129900	so'm	Bon Bon/category/Пицца Американская/375_8l5R5oI.jpeg	t	64	\N	7	\N
322	2025-02-25 05:50:53.654319+00	2025-02-25 05:50:53.654327+00	f	Сезонный	Сочетание свежий овощей и зелени с говяжьей вырезкой заправляется оливковым маслом и украшается белым кнжутом.	29900	so'm	Bon Bon/category/Салаты/322_kanT2HG.jpeg	t	55	\N	7	\N
8	2025-02-25 05:50:53.645022+00	2025-02-25 05:50:53.645032+00	f	Блэк Бургер	145 г	50000	so'm	Olivia/category/Бургер/8_RG1QXrK.jpg	t	2	\N	3	\N
12	2025-02-25 05:50:53.64512+00	2025-02-25 05:50:53.64513+00	f	Шеф Бургер	130 г	30000	so'm	Olivia/category/Бургер/12_DSDCzjy.jpg	t	2	\N	3	\N
314	2025-02-25 05:50:53.654374+00	2025-02-25 05:50:53.65438+00	f	Bubble Сэндвич с Индейкой	Низкокалорийное филе индейки, подается под нежным сыром Хохланд, между двумя хрустящими вафлями с начинкой из свежих огурцов и томатов под особым соусом.	45000	so'm	Bon Bon/category/Сэндвич/314_0LoPjVi.jpeg	t	54	\N	7	\N
312	2025-02-25 05:50:53.654424+00	2025-02-25 05:50:53.654431+00	f	Сэндвич с мясом	Мясной сэндвич готовится из жареного говяжьего филе, уложенного в ломтики мягкого хлеба из тостов и покрыто сливочной брынзой и копчёным сыром.	29900	so'm	Bon Bon/category/Сэндвич/312_3GxTljR.jpeg	t	54	\N	7	\N
313	2025-02-25 05:50:53.654483+00	2025-02-25 05:50:53.654491+00	f	Bubble Сэндвич с Курицей	Сэндвич из свежеиспеченных ломтиков вафли, начиненный листьями салата, обжаренным куриным филе, сочными томатами и огурцом, плавленым сыром моцарелла, заправляется фирменным соусом.	40000	so'm	Bon Bon/category/Сэндвич/313_ozwSzvQ.jpeg	t	54	\N	7	\N
315	2025-02-25 05:50:53.654543+00	2025-02-25 05:50:53.654549+00	f	Бон Бон	Салат, приготовленный по фирменному рецепту нашего кафе.\r\nВсе ингредиенты выложены слоями и украшены хрустящим картофельным паем.	24900	so'm	Bon Bon/category/Салаты/315_qYmFHcM.jpeg	t	55	\N	7	\N
318	2025-02-25 05:50:53.654596+00	2025-02-25 05:50:53.654602+00	f	Цезарь	Сытных салат из свежих листьев Айсберга большого куска нежной Куриной грудки, долек помидора, заправленный легким соусом Цезарь и посыпан сухариками из тостов и сыром Пармезан.	34900	so'm	Bon Bon/category/Салаты/318_mysWsIR.jpeg	t	55	\N	7	\N
316	2025-02-25 05:50:53.654649+00	2025-02-25 05:50:53.654657+00	f	Мэри	Куриный салат представляет собой сочетание свежих помидоров и разбавлены хрустящими огурцами и отварным картофелем.	27900	so'm	Bon Bon/category/Салаты/316_XTZslEB.jpeg	t	55	\N	7	\N
317	2025-02-25 05:50:53.6547+00	2025-02-25 05:50:53.654707+00	f	Оливье	Советский салат из кубиков вареной колбасы, картофеля, моркови, консервированного горошка, дополненный классическими специями и майонезом провансаль.	19900	so'm	Bon Bon/category/Салаты/317_jYP7lKO.jpeg	t	55	\N	7	\N
310	2025-02-25 05:50:53.654753+00	2025-02-25 05:50:53.65476+00	f	Баварский	Говяжий фарш с сыром, картофель фри по-Американски и ломтики колбасы.	34900	so'm	Bon Bon/category/Завтраки/310_Z2UN4Np.jpeg	t	51	\N	7	\N
309	2025-02-25 05:50:53.654807+00	2025-02-25 05:50:53.654813+00	f	Драники	Национальное Белорусское блюдо из смеси натертого картофелья и муки сочетаются с домашней сметаной и сезонным салатом.	24900	so'm	Bon Bon/category/Завтраки/309_jngxK36.jpeg	t	51	\N	7	\N
319	2025-02-25 05:50:53.654857+00	2025-02-25 05:50:53.654863+00	f	Le Bonnet	Низкокалорийный салат из свежей рукколы и кусочков сыра, заправляется соусом от Шеф "а" и имеет легкую кистинку за счёт свежих долек апельсина.	34900	so'm	Bon Bon/category/Салаты/319_1nN3fun.jpeg	t	55	\N	7	\N
327	2025-02-25 05:50:53.654914+00	2025-02-25 05:50:53.654921+00	f	Суп Куриный	Суп из домашней курицы, сваренной на медленном огне в бульоне с дополнениями из кубиков картофеля и моркови приправленный восточными специями.	24900	so'm	Bon Bon/category/Супы/327_u13AGgp.jpeg	t	56	\N	7	\N
331	2025-02-25 05:50:53.654967+00	2025-02-25 05:50:53.654973+00	f	Ризотто с курицей	Блюдо из риса и курицы с добавлением овощей и приправ готовится на сковороде.	29900	so'm	Bon Bon/category/Ризотто/331_lkQfLNs.jpeg	t	57	\N	7	\N
335	2025-02-25 05:50:53.655017+00	2025-02-25 05:50:53.655024+00	f	Альфреда с курицей	Итальянское блюдо из пасты Феттучини, смешанной со сливочным соусом молодым сыром пармезан и грибами.	49900	so'm	Bon Bon/category/Паста/335_8HUtmBJ.jpeg	t	58	\N	7	\N
339	2025-02-25 05:50:53.655079+00	2025-02-25 05:50:53.655086+00	f	Бризоль	Блюдо представляет собой тонкий яичный блинчик с начинкой из фарша внутри.	39900	so'm	Bon Bon/category/Блюдо из говядины/339_1gKPkaD.jpeg	t	59	\N	7	\N
343	2025-02-25 05:50:53.655133+00	2025-02-25 05:50:53.65514+00	f	Фрикасе	Филе Курицы, Сливки, Помидор, Брокколи, Цветная Капуста, Лук, Репчатый, Специи.\r\nНа Гарнир Пюре картофельный.	39900	so'm	Bon Bon/category/Блюдо из курицы/343_6FuF1fd.jpeg	t	60	\N	7	\N
366	2025-02-25 05:50:53.655184+00	2025-02-25 05:50:53.65519+00	f	Месть Мясника	Фирменная булочка, две сочные говяжьи котлеты, пресная брынза и сырный соус сочетаются в этом бургере.	49900	so'm	Bon Bon/category/Бургеры/366_TdT7rZm.jpeg	t	63	\N	7	\N
163	2025-02-25 05:50:53.655239+00	2025-02-25 05:50:53.655245+00	f	Прага манго персик	null	35000	so'm	Craft Burger/category/Десерты/163_iJcZXso.jpeg	t	40	\N	5	\N
171	2025-02-25 05:50:53.655293+00	2025-02-25 05:50:53.6553+00	f	Шоколадный вулкан	null	40000	so'm	Craft Burger/category/Десерты/171_fDNATZG.jpeg	t	40	\N	5	\N
328	2025-02-25 05:50:53.655348+00	2025-02-25 05:50:53.655354+00	f	Фрикадельки	Основу супу с фрикадельками составляет мясной бульон, который завершают овощи, но главные герои этого легко супа являются мясные фрикадельки.	24900	so'm	Bon Bon/category/Супы/328_y2XvaMQ.jpeg	t	56	\N	7	\N
373	2025-02-25 05:50:53.655399+00	2025-02-25 05:50:53.655405+00	f	Клубничный Розалин	\N	46000	so'm	Craft Burger/category/Десерты/373_9Nn4X30.jpeg	t	40	\N	5	\N
138	2025-02-25 05:50:53.65545+00	2025-02-25 05:50:53.655456+00	f	Масклс	Итальянское тесто,соус мутти, сыр моцарелла, фаршированное мясо, бон филе, сыр хохланд, оливки,маслены, черри, болгарский перец, грибы шампиньоны.	90000	so'm	Craft Burger/category/Пицца/138_IBjgiV5.jpeg	t	35	\N	5	\N
332	2025-02-25 05:50:53.655496+00	2025-02-25 05:50:53.655501+00	f	Ризотто с говядиной	Необычайно вкусное блюдо с кусочками мяса, которое пропитано специями и ароматом риса с сыром пармезан.	29900	so'm	Bon Bon/category/Ризотто/332_4Abe7Xe.jpeg	t	57	\N	7	\N
336	2025-02-25 05:50:53.655542+00	2025-02-25 05:50:53.655547+00	f	Великий Чингисхан	Мясо говядины, Картофель запечённый, Лук репчатый, Имбирь свежий, Чеснок, Зелень, Соевый соус, Масло растительное, Специи.	49900	so'm	Bon Bon/category/Блюдо из говядины/336_Ti9JQiZ.jpeg	t	59	\N	7	\N
340	2025-02-25 05:50:53.655588+00	2025-02-25 05:50:53.655593+00	f	Ордзотто с куриной грудкой	Блюдо похожее на ризотто, но приготовленное из перловой крупы вместо риса. Томленая перловая крупа с легким послевкусием копченостей и волшебным ароматом специи.	49900	so'm	Bon Bon/category/Блюдо из курицы/340_TrujjNR.jpeg	t	60	\N	7	\N
344	2025-02-25 05:50:53.65563+00	2025-02-25 05:50:53.655635+00	f	Стейк куриный с овощами	Низкокалорийный стейки из куриной грудки, маринованной в пряных специях подается с овощами на гриле.	49900	so'm	Bon Bon/category/Стейки/344_raPBW0X.jpeg	t	61	\N	7	\N
348	2025-02-25 05:50:53.655672+00	2025-02-25 05:50:53.655678+00	f	Колбаски на мангале	Мюнхенский колбаски с дымком, гарнированные поджаристой луковым паем в сочетании с красной капусты и деликатным картофельным пюре.	44900	so'm	Bon Bon/category/Стейки/348_g68AqUz.jpeg	t	61	\N	7	\N
351	2025-02-25 05:50:53.655713+00	2025-02-25 05:50:53.655719+00	f	Стейк Бон филе	Крупный кусок мяса на Т-образной кости, с мягкой вырезкой на одной стороне и большой и насыщенный частью на другой дополняется пропечённым картофелем по-деревенски и миксом из сезонного салата.	124900	so'm	Bon Bon/category/Стейки/351_h4JtaDR.jpeg	t	61	\N	7	\N
354	2025-02-25 05:50:53.655756+00	2025-02-25 05:50:53.655761+00	f	ЧизСтейк Филадельфия	Кусочки сочного поджаренного стейк с овощами и луком в сыре Моцарелла на подложке из хрустящей булочки.	40000	so'm	Bon Bon/category/Стейки/354_7bQIbUY.jpeg	t	61	\N	7	\N
357	2025-02-25 05:50:53.6558+00	2025-02-25 05:50:53.655806+00	f	ЧизСтейк с Фаршем	Нежный говяжий фарш, обжаренный с луком, покрытый сливочной Моцареллой в хрустящих хлебных ломтиках, приправленных пикантным соусом Италия и Сырным соусом.	40000	so'm	Bon Bon/category/Стейки/357_9ZBHLCQ.jpeg	t	61	\N	7	\N
363	2025-02-25 05:50:53.655893+00	2025-02-25 05:50:53.655898+00	f	Папа Бургер	Большой и сытный бургер с сочной говяжьей котлетой, ломтиком сыра салатными листьями и маринованного огурчиками в узбекской лепешке.	39900	so'm	Bon Bon/category/Бургеры/363_KuJXpFY.jpeg	t	63	\N	7	\N
367	2025-02-25 05:50:53.65594+00	2025-02-25 05:50:53.655945+00	f	Классический	Бургер, приготовленный по классическому рецепту. Пшеничная булочка, котлета из 100% говядины, свежие овощи и заправка из микста кетчупа и майонеза.	29900	so'm	Bon Bon/category/Бургеры/367_zjom57h.jpeg	t	63	\N	7	\N
370	2025-02-25 05:50:53.655984+00	2025-02-25 05:50:53.655989+00	f	Большой гриб	Ароматная пицца, имеющая в своем составе большое количество Грибов, посыпана натертой моцареллой и запечена до золотистой корочки.	129900	so'm	Bon Bon/category/Пицца Американская/370_JggKKKt.jpeg	t	64	\N	7	\N
376	2025-02-25 05:50:53.656028+00	2025-02-25 05:50:53.656033+00	f	Охотничья	Острая пицца на соусе из свежих помидоров с охотничьими колбасками, колбасками пепперони, оливками и на толстом тесте.	129900	so'm	Bon Bon/category/Пицца Американская/376_628KCaE.jpeg	t	64	\N	7	\N
399	2025-02-25 05:50:53.656073+00	2025-02-25 05:50:53.656078+00	f	Кетчуп	null	3000	so'm	Bon Bon/category/Соусы/399_d3dFkYf.jpeg	t	67	\N	7	\N
145	2025-02-25 05:50:53.656117+00	2025-02-25 05:50:53.656122+00	f	Хот-Дог	null	26000	so'm	Craft Burger/category/Хот-доги/145_tnOuMur.jpeg	t	37	\N	5	\N
128	2025-02-25 05:50:53.656158+00	2025-02-25 05:50:53.656164+00	f	Craft	Белая булочка, Кусочки бон филе Пресс мясо,фирменный соус,салатный лист, помидор, огурцы (марини	52000	so'm	Craft Burger/category/Бургеры/128_xAOxxGL.jpeg	t	33	\N	5	\N
137	2025-02-25 05:50:53.656199+00	2025-02-25 05:50:53.656205+00	f	4 cезона	Итальянское тесто, соус мутти, сыр моцарелла, куриный филе ,фаршированное мясо, колбаски пепперони, оливки, маслены, помидоры, болгарский перец, грибы шампиньоны.	77000	so'm	Craft Burger/category/Пицца/137_FZDPwOx.jpeg	t	35	\N	5	\N
296	2025-02-25 05:50:53.656245+00	2025-02-25 05:50:53.65625+00	f	Куриный филе	null	80000	so'm	Craft Burger/category/KFC/296_iuwMMnd.jpeg	t	49	\N	5	\N
374	2025-02-25 05:50:53.656286+00	2025-02-25 05:50:53.656291+00	f	Куриные наггетсы	\N	20000	so'm	Craft Burger/category/Side-dish/374_xGVGje8.jpeg	t	38	\N	5	\N
329	2025-02-25 05:50:53.656331+00	2025-02-25 05:50:53.656336+00	f	Солянка	В сборной мясной солянке используется несколько видов мяса, и готовится такой суп порционных керамических горшочках в духовом шкафу.	29900	so'm	Bon Bon/category/Супы/329_iS8YPch.jpeg	t	56	\N	7	\N
333	2025-02-25 05:50:53.656376+00	2025-02-25 05:50:53.656381+00	f	Болоньезе	Основой блюда является соус Болонье, Густой томатно-мясной соус с овощами, который подается с пастой  тольятелле.	34900	so'm	Bon Bon/category/Паста/333_cxf8R3P.jpeg	t	58	\N	7	\N
337	2025-02-25 05:50:53.656419+00	2025-02-25 05:50:53.656425+00	f	Мясо в сметанном соусе	Филе говядины, Грибы Шампиньоны, Сливки, Сметана, Картофельное пюре, Масло растительное, Лук репчатый, Зелень, Специи.	44900	so'm	Bon Bon/category/Блюдо из говядины/337_c7WQs77.jpeg	t	59	\N	7	\N
341	2025-02-25 05:50:53.656461+00	2025-02-25 05:50:53.656466+00	f	Бедро с шампиньонами	Фламбированное  в белом сухом вине куриное бедрышко в дуете с шампиньонами, маринованными в солоновато кислом соевой соусе на блюде, гарнированном картофелем по-деревенски.	44900	so'm	Bon Bon/category/Блюдо из курицы/341_wRirF2a.jpeg	t	60	\N	7	\N
352	2025-02-25 05:50:53.656552+00	2025-02-25 05:50:53.656557+00	f	Стейк Нью-Йорк	Нежная текстура стейки из мраморного мяса с ярко-выраженным вкусом идеально сочетается с золотистым деревенским картофелем и салатом микс.	104900	so'm	Bon Bon/category/Стейки/352_wCElena.jpeg	t	61	\N	7	\N
395	2025-02-25 05:50:53.656595+00	2025-02-25 05:50:53.6566+00	f	Соус чесночный	null	4900	so'm	Bon Bon/category/Соусы/395_yAOyW2l.jpeg	t	67	\N	7	\N
358	2025-02-25 05:50:53.656637+00	2025-02-25 05:50:53.656642+00	f	Особый Хот Дог	Свежая булочка, наполненная кабачковый икрой, сладким томатом с горячей сырной сосиской, приправленная особым соусом и украшенная картофельным паем.	25000	so'm	Bon Bon/category/Хот дог/358_UMG7VMg.jpeg	t	62	\N	7	\N
364	2025-02-25 05:50:53.656679+00	2025-02-25 05:50:53.656684+00	f	Классика с сыром	Знаменитый классический бургер, отличающийся лишь большим количеством сыры.	34900	so'm	Bon Bon/category/Бургеры/364_EjPz5lA.jpeg	t	63	\N	7	\N
361	2025-02-25 05:50:53.656723+00	2025-02-25 05:50:53.656728+00	f	Бон Бон	Бургер по-особому рецепту состоит из копченого мяса и сыра сочной говяжьей котлеты и свежих фермерских овощей заправлен сладким мясным соусом.	39900	so'm	Bon Bon/category/Бургеры/361_FTdMCir.jpeg	t	63	\N	7	\N
368	2025-02-25 05:50:53.656769+00	2025-02-25 05:50:53.656775+00	f	Дьябло	Колоритное название указывает на жгучий вкус блюда В состав начинки входит колбаса салями, мягкий сыр моцарелла, грибы и специи. Дополнением к горячей выпечке станет томатный соус из свежих помидоров.	129900	so'm	Bon Bon/category/Пицца Американская/368_V523AXp.jpeg	t	64	\N	7	\N
371	2025-02-25 05:50:53.656812+00	2025-02-25 05:50:53.656817+00	f	Комбо	Комбинированная пицца с начинкой из сладких помидоров, говяжьих слайсов и рваной курицы, приправленные оливковым маслом и соусом Италия, смешанного с орегано.	129900	so'm	Bon Bon/category/Пицца Американская/371_C2tynzx.jpeg	t	64	\N	7	\N
355	2025-02-25 05:50:53.656898+00	2025-02-25 05:50:53.656905+00	f	ЧизСтейк Бон Бон	Бургер, приготовленный по особому рецепту, приготовлен из тонко нерезаных кусочков бифштекса и плавленой Моцареллы. В длинной свежеиспеченной булочке, украшенной сливочным соусом Тар Тар и Сырным соусом.	45000	so'm	Bon Bon/category/Стейки/355_6WenZZm.jpeg	t	61	\N	7	\N
377	2025-02-25 05:50:53.656941+00	2025-02-25 05:50:53.656947+00	f	Цезарь	Тончайшее тесто покрытое ингредиентами салата цезарь и политое чесночным соусом в дополнении со сливочным сыром моцарелла.	74900	so'm	Bon Bon/category/Пицца Итальянский/377_JjciLRV.jpeg	t	65	\N	7	\N
378	2025-02-25 05:50:53.656987+00	2025-02-25 05:50:53.656993+00	f	Бон Бон	Пицца по-особому рецепту нашего кафе, состоящая из говяжьего мяса, зеленого болгарского перца, сочных помидоров и классического сыра моцарелла.	84900	so'm	Bon Bon/category/Пицца Итальянский/378_w8OP1ta.jpeg	t	65	\N	7	\N
379	2025-02-25 05:50:53.657032+00	2025-02-25 05:50:53.657037+00	f	Грибная	Отличное сочетание для пиццы: грибы, помидоры и сыр, а главным компонентом начинки выступают шампиньоны.	64900	so'm	Bon Bon/category/Пицца Итальянский/379_3DZXDQP.jpeg	t	65	\N	7	\N
380	2025-02-25 05:50:53.657073+00	2025-02-25 05:50:53.657078+00	f	Болоньезе	Сытная пицца на основе соуса Болоньезе и начинки из мясного фарша, томатов, зелени с нежным сыром моцарелла.	64900	so'm	Bon Bon/category/Пицца Итальянский/380_H07FEB1.jpeg	t	65	\N	7	\N
381	2025-02-25 05:50:53.657117+00	2025-02-25 05:50:53.657123+00	f	Маргарита	Мягкое внутри и хрустящее снаружи тесто, сочетание расплавленного сыра и помидоров, пикантный аромат базилика не оставят никого равнодушным.	54900	so'm	Bon Bon/category/Пицца Итальянский/381_PGCABcz.jpeg	t	65	\N	7	\N
382	2025-02-25 05:50:53.657159+00	2025-02-25 05:50:53.657164+00	f	Четыре сыра	В состав этой пиццы входят 4 вида изысканных сыров: Пармезан, Моцарелла, Виола и Фетакса, а в качестве украшения выступает аккуратная россыпь орегано.	74900	so'm	Bon Bon/category/Пицца Итальянский/382_LKzAqxw.jpeg	t	65	\N	7	\N
383	2025-02-25 05:50:53.657205+00	2025-02-25 05:50:53.65721+00	f	Баварская	Основу рецептуры составляют мюнхенские колбаски один из главных национальных продуктов Германии. Второй компонент-салями пепперони, а сочные кусочки свежеобжаренных Грибов и плавленый сыр моцарелла завершают данную композицию.	69900	so'm	Bon Bon/category/Пицца Итальянский/383_g2g1SRc.jpeg	t	65	\N	7	\N
384	2025-02-25 05:50:53.65725+00	2025-02-25 05:50:53.657255+00	f	Мексикано	Пицца имеет пикантный вкус за счет основы из соуса Италия и сладкого перца, а начинка из говяжьего фарша добавляет вкусу сочности.	74900	so'm	Bon Bon/category/Пицца Итальянский/384_OOkcMi7.jpeg	t	65	\N	7	\N
13	2025-02-25 05:50:53.645208+00	2025-02-25 05:50:53.645217+00	f	Маргарита	145 г	65000	so'm	Olivia/category/Пицца/13_kCvZyEP.jpg	t	3	\N	3	\N
14	2025-02-25 05:50:53.645283+00	2025-02-25 05:50:53.645293+00	f	Пармезан	160 г	55000	so'm	Olivia/category/Пицца/14_cVQf3ar.jpg	t	3	\N	3	\N
385	2025-02-25 05:50:53.657296+00	2025-02-25 05:50:53.657302+00	f	Комбинированная	Пицца ассорти из двух видов мяса, маринованных вишенок, кусочков, сливочной моцареллы под соусом Италия.	84900	so'm	Bon Bon/category/Пицца Итальянский/385_kCDojFW.jpeg	t	65	\N	7	\N
387	2025-02-25 05:50:53.657342+00	2025-02-25 05:50:53.657347+00	f	Пепперони	Классический состав в котором нет ничего лишнего! Колбаски Пепперони с легкой перчинкой, сыр моцарелла со сливочным вкусом и традиционные Итальянские травы на тонком тесте с пряным томатным соусом.	64900	so'm	Bon Bon/category/Пицца Итальянский/387_mhsOnoi.jpeg	t	65	\N	7	\N
389	2025-02-25 05:50:53.657427+00	2025-02-25 05:50:53.657432+00	f	Картофельное Пюре	Картофельного пюре начинается в Южной Америке, где картофель выращивали ещё древние инки. Для них картофель был не просто едой, а священным растением.	11900	so'm	Bon Bon/category/Гарниры/389_HF7CSGv.jpeg	t	66	\N	7	\N
390	2025-02-25 05:50:53.657469+00	2025-02-25 05:50:53.657474+00	f	Картофель Фри по-Американски	Считается, что картофель фри впервые приготовили в Бельгии.\r\nбельгийцев появилась идея вместо рыбы использовать картошку.	14900	so'm	Bon Bon/category/Гарниры/390_mZtPIqC.jpeg	t	66	\N	7	\N
391	2025-02-25 05:50:53.657513+00	2025-02-25 05:50:53.657518+00	f	Рис с Овощами	Родиной риса считают территорию современного Вьетнама и Таиланда, где 9 тысяч лет назад начали выращивать эту культуру. В Древней Греции продукт использовали исключительно как общеукрепляющее средство, а в Европе крупу долгое время считали роскошью.	15900	so'm	Bon Bon/category/Гарниры/391_4o6QQCO.jpeg	t	66	\N	7	\N
392	2025-02-25 05:50:53.657554+00	2025-02-25 05:50:53.65756+00	f	Рис Отварной	Считается, что метод варки риса возник в Китае, где рис выращивают более 5000 лет. Из Китая этот метод распространился в другие части Азии и, в конечном итоге, по всему миру.	9900	so'm	Bon Bon/category/Гарниры/392_2TeCwMe.jpeg	t	66	\N	7	\N
393	2025-02-25 05:50:53.6576+00	2025-02-25 05:50:53.657605+00	f	Картофель по-Домашнему	Появления рецепта картофеля по-деревенски связана с историей самого картофеля.	19900	so'm	Bon Bon/category/Гарниры/393_OefaYmi.jpeg	t	66	\N	7	\N
311	2025-02-25 05:50:53.657645+00	2025-02-25 05:50:53.657651+00	f	Сэндвич с курицей	Сытный из тостерного хлеба дополнены аппетитной начинкой из нежного куриного филе, сладких помидоров, хрустящих листьев салата и маринованных огурчиков. Особую сочность придает бархатный соус Аврора, приготовленный по-особому рецепту.	26900	so'm	Bon Bon/category/Сэндвич/311_K9kJ1Ie.jpeg	t	54	\N	7	\N
324	2025-02-25 05:50:53.657691+00	2025-02-25 05:50:53.657696+00	f	Греческий	Деревенский салат из крупно нарезанных помидоров, сладкого перца, огурцов, Сыра, лука шалот и маслин, заправленный оливковым маслом с солю,	34900	so'm	Bon Bon/category/Салаты/324_NJdwNWc.jpeg	t	55	\N	7	\N
323	2025-02-25 05:50:53.657734+00	2025-02-25 05:50:53.65774+00	f	Незнайка	Необычный салат из куриного филе, дополненного сладким ананасом в сочетании со сливочным вкусом моцареллы и натертого куриного яйца заправляется майонезом по-домашнему рецепту.	34900	so'm	Bon Bon/category/Салаты/323_DVGda2E.jpeg	t	55	\N	7	\N
304	2025-02-25 05:50:53.657776+00	2025-02-25 05:50:53.657781+00	f	Гренки с сыром	Домашний завтрак ломтиков хлеба в смеси из взбитых яиц и специи обжарены в большом количестве масла и украшены сыром моцарелла.	19900	so'm	Bon Bon/category/Завтраки/304_y5ZwCl1.jpeg	t	51	\N	7	\N
326	2025-02-25 05:50:53.657821+00	2025-02-25 05:50:53.657827+00	f	Крем суп Грибной	Масса из приготовленных шампиньонов, вишенок, картофельных кубиков, небольшого количества домашнего молока, сливок высокой жирности и растительного масла пробивается блендером до жидкой консистенции и посыпается хрустящими сухариками.	29900	so'm	Bon Bon/category/Супы/326_WrWX5mj.jpeg	t	56	\N	7	\N
347	2025-02-25 05:50:53.657864+00	2025-02-25 05:50:53.657869+00	f	Медальоны на гриле	Нежное мясо с легким сливочным послевкусием, прожаренное до готовности на гриле гарнировано дольками картофеля по-деревенски и миксом сезонного салата дополняются пряным соусом Италия.	119900	so'm	Bon Bon/category/Стейки/347_jEKsPdm.jpeg	t	61	\N	7	\N
349	2025-02-25 05:50:53.657905+00	2025-02-25 05:50:53.65791+00	f	Куриное бедро на мангале	Мясо куриных бедер, прожаренных на мы мангале получается сочным благодаря наличию небольшого количеств жира. На гарнир к такому блюду идеально походит сладкая кукуруза и кольца нежно-пряного красного лука.	44900	so'm	Bon Bon/category/Стейки/349_CZg5sD9.jpeg	t	61	\N	7	\N
360	2025-02-25 05:50:53.657953+00	2025-02-25 05:50:53.657958+00	f	Баварский Хот Дог	Баварская колбаска, картофельный пай и свежий салат, подаваемые в разрезанной булочки политой кетчупом и горчичным соусом.	25000	so'm	Bon Bon/category/Хот дог/360_X939Lod.jpeg	t	62	\N	7	\N
288	2025-02-25 05:50:53.644005+00	2025-02-25 05:50:53.644047+00	f	Pasta	\N	50000	so'm	Olivia/category/Первое Блюдо/288_PLCjSAq.jpeg	t	4	\N	3	\N
26	2025-02-25 05:50:53.644235+00	2025-02-25 05:50:53.644245+00	f	Балаза	\N	35000	so'm	Olivia/category/Первое Блюдо/26_0SGP079.jpg	t	4	\N	3	\N
3	2025-02-25 05:50:53.644346+00	2025-02-25 05:50:53.644356+00	f	Люла Кебаб	180 г	75000	so'm	Olivia/category/Второе Блюдо/3_iYrLyWz.jpg	t	5	\N	3	\N
4	2025-02-25 05:50:53.644422+00	2025-02-25 05:50:53.644431+00	f	Шашлык	185 г	85000	so'm	Olivia/category/Второе Блюдо/4_nEDPGrC.jpg	t	5	\N	3	\N
22	2025-02-25 05:50:53.644494+00	2025-02-25 05:50:53.644503+00	f	Чай Турецкий	\N	10000	so'm	Olivia/category/Напитки/22_pE9vJqy.jpg	t	7	\N	3	\N
5	2025-02-25 05:50:53.644568+00	2025-02-25 05:50:53.644578+00	f	Биф Бургер	150 г	45000	so'm	Olivia/category/Бургер/5_AqJSadm.jpg	t	2	\N	3	\N
6	2025-02-25 05:50:53.644647+00	2025-02-25 05:50:53.644657+00	f	Чизбургер	160 г	55000	so'm	Olivia/category/Бургер/6_WcFGwGZ.jpg	t	2	\N	3	\N
7	2025-02-25 05:50:53.644732+00	2025-02-25 05:50:53.644741+00	f	Чили Бургер	140 г	45000	so'm	Olivia/category/Бургер/7_tOFUkVd.jpg	t	2	\N	3	\N
386	2025-02-25 05:50:53.657996+00	2025-02-25 05:50:53.658003+00	f	Мясное ассорти	Любителям мяса посвящается! Настоящий взрыв разнообразных видов Итальянских мясных деликатесов. Здесь и пряные колбаски пепперони куриное филе и классическая ветчина. Рецепт дополнен соусами орегано и Италия.	84900	so'm	Bon Bon/category/Пицца Итальянский/386_RdsIAN4.jpeg	t	65	\N	7	\N
303	2025-02-25 05:50:53.658043+00	2025-02-25 05:50:53.658048+00	f	Бон Бон	Mix из вареных яиц домашнего меда, молоко, долек лимона и натурального сыра подаются со сливочным маслом.	34900	so'm	Bon Bon/category/Завтраки/303_bVu4B4K.jpeg	t	51	\N	7	\N
187	2025-02-25 05:50:53.652666+00	2025-02-25 05:50:53.652672+00	f	Фри	null	18000	so'm	Craft Burger/category/Side-dish/187_dJfxxzl.jpeg	t	38	\N	5	\N
394	2025-02-25 05:50:53.65585+00	2025-02-25 05:50:53.655855+00	f	Соус сырный	null	4900	so'm	Bon Bon/category/Соусы/394_4WaKt9J.jpeg	t	67	\N	7	\N
345	2025-02-25 05:50:53.656508+00	2025-02-25 05:50:53.656513+00	f	Стейк ассорти	Ассорти из стейков Бон филе, Антрекота, сочных Баварских колбасок, диетической Куриной грудки и Куриных бедер подается на блюде, украшенном свежими овощами и соусом на выбор.	269900	so'm	Bon Bon/category/Стейки/345_0Mm16PQ.jpeg	t	61	\N	7	\N
400	2025-02-25 05:50:53.656858+00	2025-02-25 05:50:53.656863+00	f	Майонез	null	3000	so'm	Bon Bon/category/Соусы/400_CQRgQ9J.jpeg	t	67	\N	7	\N
388	2025-02-25 05:50:53.657384+00	2025-02-25 05:50:53.65739+00	f	Картофель по-Деревенски	Среди многочисленных блюд, которые предлагает пиццерия District, особое место занимает простое и вкусное блюдо – картофель по-деревенски. Эти сочные кусочки картофеля, обжаренные до хрустящей золотистой корочки и приправленные ароматными специями, завоевали сердца многих гурманов.	14900	so'm	Bon Bon/category/Гарниры/388_zWYPouE.jpeg	t	66	\N	7	\N
25	2025-02-25 05:50:53.658084+00	2025-02-25 05:50:53.658089+00	f	Луковый Суп	Луковый суп - это ароматное и утонченное блюдо, которое обладает неповторимым вкусом и приятным ароматом. Этот суп является идеальным выбором как для холодного зимнего вечера, так и для легкого летнего обеда. Главным ингредиентом этого блюда является свежий лук, который приобретает нежный и слегка сладковатый вкус благодаря долгому томлению в бульоне.\r\n\r\nЛуковый суп приготавливается на основе медленно вареного бульона, в который добавляются обжаренные луковые кольца до состояния золотистой карамелизации. Этот процесс обогащает суп насыщенным вкусом и создает приятную текстуру. Для добавления глубины вкуса и аромата могут использоваться различные специи и травы, такие как тимьян, лавровый лист и черный перец.\r\n\r\nЛуковый суп часто подается с добавлением запеченного сыра или хрустящих гренок, что придает блюду дополнительную текстуру и насыщенный вкус. Приятная гармония между сладковатым вкусом лука и насыщенным ароматом бульона делает этот суп привлекательным выбором для любителей классической кухни.\r\n\r\nСочетание богатого аромата и нежного вкуса делает луковый суп не только вкусным, но и питательным блюдом, которое приносит удовольствие каждому, кто его пробует.	40000	so'm	Olivia/category/Первое Блюдо/25_Nnda48l.jpg	t	4	\N	3	\N
\.


--
-- Data for Name: restaurant_restaurant; Type: TABLE DATA; Schema: public; Owner: aurora
--

COPY public.restaurant_restaurant (id, created_time, update_time, is_active, name, adress, telegram_link, instagram_link, orders, waiter, backgroud_photo, logo, orders_chat_id, waiter_chat_id, stir, legal_name, legal_adress, contact_entity, contact_support, admin_id, created_by_id, update_by_id) FROM stdin;
1	2025-02-25 05:25:03.00728+00	2025-02-25 05:25:03.007336+00	f	Pasta House	The Tukimachi street	telegram	instagram	f	f		vendors/Pasta House/logo/logo_5zV8Xv1.jpg	1	1	1	abc	abc	+998911234567	+998911234567	1	\N	\N
4	2025-02-25 05:25:03.007545+00	2025-02-25 05:25:03.007559+00	f	Joy Chaikhana	Old City	telegram	instagram	f	f		vendors/Joy Chaikhana/logo/logo_ynVqBx3.jpg	1	1	1	abc	abc	+998911234567	+998911234567	4	\N	\N
3	2025-02-25 05:25:03.007654+00	2025-02-25 05:25:03.007664+00	f	Olivia	USA California	23	https://www.google.com/	f	f		vendors/Olivia/logo/logo_CpAwnpg.jpg	1	1	1	abc	abc	+998911234567	+998911234567	3	\N	\N
5	2025-02-25 05:25:03.007759+00	2025-02-25 05:25:03.007768+00	f	Craft Burger	Islam Karimov street	https://t.me/craftcafebukhara	https://www.instagram.com/craftburger.uz?igsh=bmM3ZHpob3EwYXY4	f	f		vendors/Craft Burger/logo/logo_rQ9Ui1M.jpg	1	1	1	abc	abc	+998911234567	+998911234567	5	\N	\N
6	2025-02-25 05:25:03.007867+00	2025-02-25 05:25:03.007875+00	f	The Plov	Ibn Sino	#	https://www.instagram.com/the_plov_bukhara/	f	f		vendors/The Plov/logo/logo_vQjbdRJ.jpg	1	1	1	abc	abc	+998911234567	+998911234567	6	\N	\N
7	2025-02-25 05:25:03.007971+00	2025-02-25 05:25:03.00798+00	f	Bon Bon	-	-	-	f	f		vendors/Bon Bon/logo/logo_NDA5A5X.jpg	1	1	1	abc	abc	+998911234567	+998911234567	7	\N	\N
\.


--
-- Data for Name: restaurant_restaurant_editors; Type: TABLE DATA; Schema: public; Owner: aurora
--

COPY public.restaurant_restaurant_editors (id, restaurant_id, usermodel_id) FROM stdin;
\.


--
-- Name: auth_group_id_seq; Type: SEQUENCE SET; Schema: public; Owner: aurora
--

SELECT pg_catalog.setval('public.auth_group_id_seq', 1, false);


--
-- Name: auth_group_permissions_id_seq; Type: SEQUENCE SET; Schema: public; Owner: aurora
--

SELECT pg_catalog.setval('public.auth_group_permissions_id_seq', 1, false);


--
-- Name: auth_permission_id_seq; Type: SEQUENCE SET; Schema: public; Owner: aurora
--

SELECT pg_catalog.setval('public.auth_permission_id_seq', 40, true);


--
-- Name: authentication_roles_id_seq; Type: SEQUENCE SET; Schema: public; Owner: aurora
--

SELECT pg_catalog.setval('public.authentication_roles_id_seq', 1, false);


--
-- Name: authentication_usermodel_groups_id_seq; Type: SEQUENCE SET; Schema: public; Owner: aurora
--

SELECT pg_catalog.setval('public.authentication_usermodel_groups_id_seq', 1, false);


--
-- Name: authentication_usermodel_id_seq; Type: SEQUENCE SET; Schema: public; Owner: aurora
--

SELECT pg_catalog.setval('public.authentication_usermodel_id_seq', 17, false);


--
-- Name: authentication_usermodel_user_permissions_id_seq; Type: SEQUENCE SET; Schema: public; Owner: aurora
--

SELECT pg_catalog.setval('public.authentication_usermodel_user_permissions_id_seq', 1, false);


--
-- Name: django_admin_log_id_seq; Type: SEQUENCE SET; Schema: public; Owner: aurora
--

SELECT pg_catalog.setval('public.django_admin_log_id_seq', 47, true);


--
-- Name: django_content_type_id_seq; Type: SEQUENCE SET; Schema: public; Owner: aurora
--

SELECT pg_catalog.setval('public.django_content_type_id_seq', 10, true);


--
-- Name: django_migrations_id_seq; Type: SEQUENCE SET; Schema: public; Owner: aurora
--

SELECT pg_catalog.setval('public.django_migrations_id_seq', 23, true);


--
-- Name: product_category_id_seq; Type: SEQUENCE SET; Schema: public; Owner: aurora
--

SELECT pg_catalog.setval('public.product_category_id_seq', 68, false);


--
-- Name: product_menu_id_seq; Type: SEQUENCE SET; Schema: public; Owner: aurora
--

SELECT pg_catalog.setval('public.product_menu_id_seq', 401, false);


--
-- Name: restaurant_restaurant_editors_id_seq; Type: SEQUENCE SET; Schema: public; Owner: aurora
--

SELECT pg_catalog.setval('public.restaurant_restaurant_editors_id_seq', 1, false);


--
-- Name: restaurant_restaurant_id_seq; Type: SEQUENCE SET; Schema: public; Owner: aurora
--

SELECT pg_catalog.setval('public.restaurant_restaurant_id_seq', 8, false);


--
-- Name: auth_group auth_group_name_key; Type: CONSTRAINT; Schema: public; Owner: aurora
--

ALTER TABLE ONLY public.auth_group
    ADD CONSTRAINT auth_group_name_key UNIQUE (name);


--
-- Name: auth_group_permissions auth_group_permissions_group_id_permission_id_0cd325b0_uniq; Type: CONSTRAINT; Schema: public; Owner: aurora
--

ALTER TABLE ONLY public.auth_group_permissions
    ADD CONSTRAINT auth_group_permissions_group_id_permission_id_0cd325b0_uniq UNIQUE (group_id, permission_id);


--
-- Name: auth_group_permissions auth_group_permissions_pkey; Type: CONSTRAINT; Schema: public; Owner: aurora
--

ALTER TABLE ONLY public.auth_group_permissions
    ADD CONSTRAINT auth_group_permissions_pkey PRIMARY KEY (id);


--
-- Name: auth_group auth_group_pkey; Type: CONSTRAINT; Schema: public; Owner: aurora
--

ALTER TABLE ONLY public.auth_group
    ADD CONSTRAINT auth_group_pkey PRIMARY KEY (id);


--
-- Name: auth_permission auth_permission_content_type_id_codename_01ab375a_uniq; Type: CONSTRAINT; Schema: public; Owner: aurora
--

ALTER TABLE ONLY public.auth_permission
    ADD CONSTRAINT auth_permission_content_type_id_codename_01ab375a_uniq UNIQUE (content_type_id, codename);


--
-- Name: auth_permission auth_permission_pkey; Type: CONSTRAINT; Schema: public; Owner: aurora
--

ALTER TABLE ONLY public.auth_permission
    ADD CONSTRAINT auth_permission_pkey PRIMARY KEY (id);


--
-- Name: authentication_roles authentication_roles_pkey; Type: CONSTRAINT; Schema: public; Owner: aurora
--

ALTER TABLE ONLY public.authentication_roles
    ADD CONSTRAINT authentication_roles_pkey PRIMARY KEY (id);


--
-- Name: authentication_usermodel authentication_usermodel_code_1cc2083d_uniq; Type: CONSTRAINT; Schema: public; Owner: aurora
--

ALTER TABLE ONLY public.authentication_usermodel
    ADD CONSTRAINT authentication_usermodel_code_1cc2083d_uniq UNIQUE (code);


--
-- Name: authentication_usermodel authentication_usermodel_email_12f900bb_uniq; Type: CONSTRAINT; Schema: public; Owner: aurora
--

ALTER TABLE ONLY public.authentication_usermodel
    ADD CONSTRAINT authentication_usermodel_email_12f900bb_uniq UNIQUE (email);


--
-- Name: authentication_usermodel_groups authentication_usermodel_groups_pkey; Type: CONSTRAINT; Schema: public; Owner: aurora
--

ALTER TABLE ONLY public.authentication_usermodel_groups
    ADD CONSTRAINT authentication_usermodel_groups_pkey PRIMARY KEY (id);


--
-- Name: authentication_usermodel authentication_usermodel_pkey; Type: CONSTRAINT; Schema: public; Owner: aurora
--

ALTER TABLE ONLY public.authentication_usermodel
    ADD CONSTRAINT authentication_usermodel_pkey PRIMARY KEY (id);


--
-- Name: authentication_usermodel_user_permissions authentication_usermodel_user_permissions_pkey; Type: CONSTRAINT; Schema: public; Owner: aurora
--

ALTER TABLE ONLY public.authentication_usermodel_user_permissions
    ADD CONSTRAINT authentication_usermodel_user_permissions_pkey PRIMARY KEY (id);


--
-- Name: authentication_usermodel_groups authentication_usermodel_usermodel_id_group_id_719c4caf_uniq; Type: CONSTRAINT; Schema: public; Owner: aurora
--

ALTER TABLE ONLY public.authentication_usermodel_groups
    ADD CONSTRAINT authentication_usermodel_usermodel_id_group_id_719c4caf_uniq UNIQUE (usermodel_id, group_id);


--
-- Name: authentication_usermodel_user_permissions authentication_usermodel_usermodel_id_permission__f16f58de_uniq; Type: CONSTRAINT; Schema: public; Owner: aurora
--

ALTER TABLE ONLY public.authentication_usermodel_user_permissions
    ADD CONSTRAINT authentication_usermodel_usermodel_id_permission__f16f58de_uniq UNIQUE (usermodel_id, permission_id);


--
-- Name: django_admin_log django_admin_log_pkey; Type: CONSTRAINT; Schema: public; Owner: aurora
--

ALTER TABLE ONLY public.django_admin_log
    ADD CONSTRAINT django_admin_log_pkey PRIMARY KEY (id);


--
-- Name: django_content_type django_content_type_app_label_model_76bd3d3b_uniq; Type: CONSTRAINT; Schema: public; Owner: aurora
--

ALTER TABLE ONLY public.django_content_type
    ADD CONSTRAINT django_content_type_app_label_model_76bd3d3b_uniq UNIQUE (app_label, model);


--
-- Name: django_content_type django_content_type_pkey; Type: CONSTRAINT; Schema: public; Owner: aurora
--

ALTER TABLE ONLY public.django_content_type
    ADD CONSTRAINT django_content_type_pkey PRIMARY KEY (id);


--
-- Name: django_migrations django_migrations_pkey; Type: CONSTRAINT; Schema: public; Owner: aurora
--

ALTER TABLE ONLY public.django_migrations
    ADD CONSTRAINT django_migrations_pkey PRIMARY KEY (id);


--
-- Name: django_session django_session_pkey; Type: CONSTRAINT; Schema: public; Owner: aurora
--

ALTER TABLE ONLY public.django_session
    ADD CONSTRAINT django_session_pkey PRIMARY KEY (session_key);


--
-- Name: product_category product_category_pkey; Type: CONSTRAINT; Schema: public; Owner: aurora
--

ALTER TABLE ONLY public.product_category
    ADD CONSTRAINT product_category_pkey PRIMARY KEY (id);


--
-- Name: product_menu product_menu_pkey; Type: CONSTRAINT; Schema: public; Owner: aurora
--

ALTER TABLE ONLY public.product_menu
    ADD CONSTRAINT product_menu_pkey PRIMARY KEY (id);


--
-- Name: restaurant_restaurant_editors restaurant_restaurant_ed_restaurant_id_usermodel__d47051e2_uniq; Type: CONSTRAINT; Schema: public; Owner: aurora
--

ALTER TABLE ONLY public.restaurant_restaurant_editors
    ADD CONSTRAINT restaurant_restaurant_ed_restaurant_id_usermodel__d47051e2_uniq UNIQUE (restaurant_id, usermodel_id);


--
-- Name: restaurant_restaurant_editors restaurant_restaurant_editors_pkey; Type: CONSTRAINT; Schema: public; Owner: aurora
--

ALTER TABLE ONLY public.restaurant_restaurant_editors
    ADD CONSTRAINT restaurant_restaurant_editors_pkey PRIMARY KEY (id);


--
-- Name: restaurant_restaurant restaurant_restaurant_pkey; Type: CONSTRAINT; Schema: public; Owner: aurora
--

ALTER TABLE ONLY public.restaurant_restaurant
    ADD CONSTRAINT restaurant_restaurant_pkey PRIMARY KEY (id);


--
-- Name: auth_group_name_a6ea08ec_like; Type: INDEX; Schema: public; Owner: aurora
--

CREATE INDEX auth_group_name_a6ea08ec_like ON public.auth_group USING btree (name varchar_pattern_ops);


--
-- Name: auth_group_permissions_group_id_b120cbf9; Type: INDEX; Schema: public; Owner: aurora
--

CREATE INDEX auth_group_permissions_group_id_b120cbf9 ON public.auth_group_permissions USING btree (group_id);


--
-- Name: auth_group_permissions_permission_id_84c5c92e; Type: INDEX; Schema: public; Owner: aurora
--

CREATE INDEX auth_group_permissions_permission_id_84c5c92e ON public.auth_group_permissions USING btree (permission_id);


--
-- Name: auth_permission_content_type_id_2f476e4b; Type: INDEX; Schema: public; Owner: aurora
--

CREATE INDEX auth_permission_content_type_id_2f476e4b ON public.auth_permission USING btree (content_type_id);


--
-- Name: authentication_usermodel_code_1cc2083d_like; Type: INDEX; Schema: public; Owner: aurora
--

CREATE INDEX authentication_usermodel_code_1cc2083d_like ON public.authentication_usermodel USING btree (code varchar_pattern_ops);


--
-- Name: authentication_usermodel_email_12f900bb_like; Type: INDEX; Schema: public; Owner: aurora
--

CREATE INDEX authentication_usermodel_email_12f900bb_like ON public.authentication_usermodel USING btree (email varchar_pattern_ops);


--
-- Name: authentication_usermodel_groups_group_id_82de6619; Type: INDEX; Schema: public; Owner: aurora
--

CREATE INDEX authentication_usermodel_groups_group_id_82de6619 ON public.authentication_usermodel_groups USING btree (group_id);


--
-- Name: authentication_usermodel_groups_usermodel_id_894be9bd; Type: INDEX; Schema: public; Owner: aurora
--

CREATE INDEX authentication_usermodel_groups_usermodel_id_894be9bd ON public.authentication_usermodel_groups USING btree (usermodel_id);


--
-- Name: authentication_usermodel_u_permission_id_6da949fd; Type: INDEX; Schema: public; Owner: aurora
--

CREATE INDEX authentication_usermodel_u_permission_id_6da949fd ON public.authentication_usermodel_user_permissions USING btree (permission_id);


--
-- Name: authentication_usermodel_user_permissions_usermodel_id_250e5b78; Type: INDEX; Schema: public; Owner: aurora
--

CREATE INDEX authentication_usermodel_user_permissions_usermodel_id_250e5b78 ON public.authentication_usermodel_user_permissions USING btree (usermodel_id);


--
-- Name: django_admin_log_content_type_id_c4bce8eb; Type: INDEX; Schema: public; Owner: aurora
--

CREATE INDEX django_admin_log_content_type_id_c4bce8eb ON public.django_admin_log USING btree (content_type_id);


--
-- Name: django_admin_log_user_id_c564eba6; Type: INDEX; Schema: public; Owner: aurora
--

CREATE INDEX django_admin_log_user_id_c564eba6 ON public.django_admin_log USING btree (user_id);


--
-- Name: django_session_expire_date_a5c62663; Type: INDEX; Schema: public; Owner: aurora
--

CREATE INDEX django_session_expire_date_a5c62663 ON public.django_session USING btree (expire_date);


--
-- Name: django_session_session_key_c0390e0f_like; Type: INDEX; Schema: public; Owner: aurora
--

CREATE INDEX django_session_session_key_c0390e0f_like ON public.django_session USING btree (session_key varchar_pattern_ops);


--
-- Name: product_category_created_by_id_f48672df; Type: INDEX; Schema: public; Owner: aurora
--

CREATE INDEX product_category_created_by_id_f48672df ON public.product_category USING btree (created_by_id);


--
-- Name: product_category_restaurant_id_95e3d09f; Type: INDEX; Schema: public; Owner: aurora
--

CREATE INDEX product_category_restaurant_id_95e3d09f ON public.product_category USING btree (restaurant_id);


--
-- Name: product_category_update_by_id_f9810e44; Type: INDEX; Schema: public; Owner: aurora
--

CREATE INDEX product_category_update_by_id_f9810e44 ON public.product_category USING btree (update_by_id);


--
-- Name: product_menu_category_id_b5c7c67a; Type: INDEX; Schema: public; Owner: aurora
--

CREATE INDEX product_menu_category_id_b5c7c67a ON public.product_menu USING btree (category_id);


--
-- Name: product_menu_created_by_id_ca9e8e72; Type: INDEX; Schema: public; Owner: aurora
--

CREATE INDEX product_menu_created_by_id_ca9e8e72 ON public.product_menu USING btree (created_by_id);


--
-- Name: product_menu_restaurant_id_4e44f7bd; Type: INDEX; Schema: public; Owner: aurora
--

CREATE INDEX product_menu_restaurant_id_4e44f7bd ON public.product_menu USING btree (restaurant_id);


--
-- Name: product_menu_update_by_id_a2f64171; Type: INDEX; Schema: public; Owner: aurora
--

CREATE INDEX product_menu_update_by_id_a2f64171 ON public.product_menu USING btree (update_by_id);


--
-- Name: restaurant_restaurant_admin_id_b69d0a40; Type: INDEX; Schema: public; Owner: aurora
--

CREATE INDEX restaurant_restaurant_admin_id_b69d0a40 ON public.restaurant_restaurant USING btree (admin_id);


--
-- Name: restaurant_restaurant_created_by_id_bc92e39c; Type: INDEX; Schema: public; Owner: aurora
--

CREATE INDEX restaurant_restaurant_created_by_id_bc92e39c ON public.restaurant_restaurant USING btree (created_by_id);


--
-- Name: restaurant_restaurant_editors_restaurant_id_9a296db0; Type: INDEX; Schema: public; Owner: aurora
--

CREATE INDEX restaurant_restaurant_editors_restaurant_id_9a296db0 ON public.restaurant_restaurant_editors USING btree (restaurant_id);


--
-- Name: restaurant_restaurant_editors_usermodel_id_84187293; Type: INDEX; Schema: public; Owner: aurora
--

CREATE INDEX restaurant_restaurant_editors_usermodel_id_84187293 ON public.restaurant_restaurant_editors USING btree (usermodel_id);


--
-- Name: restaurant_restaurant_update_by_id_407ae93c; Type: INDEX; Schema: public; Owner: aurora
--

CREATE INDEX restaurant_restaurant_update_by_id_407ae93c ON public.restaurant_restaurant USING btree (update_by_id);


--
-- Name: auth_group_permissions auth_group_permissio_permission_id_84c5c92e_fk_auth_perm; Type: FK CONSTRAINT; Schema: public; Owner: aurora
--

ALTER TABLE ONLY public.auth_group_permissions
    ADD CONSTRAINT auth_group_permissio_permission_id_84c5c92e_fk_auth_perm FOREIGN KEY (permission_id) REFERENCES public.auth_permission(id) DEFERRABLE INITIALLY DEFERRED;


--
-- Name: auth_group_permissions auth_group_permissions_group_id_b120cbf9_fk_auth_group_id; Type: FK CONSTRAINT; Schema: public; Owner: aurora
--

ALTER TABLE ONLY public.auth_group_permissions
    ADD CONSTRAINT auth_group_permissions_group_id_b120cbf9_fk_auth_group_id FOREIGN KEY (group_id) REFERENCES public.auth_group(id) DEFERRABLE INITIALLY DEFERRED;


--
-- Name: auth_permission auth_permission_content_type_id_2f476e4b_fk_django_co; Type: FK CONSTRAINT; Schema: public; Owner: aurora
--

ALTER TABLE ONLY public.auth_permission
    ADD CONSTRAINT auth_permission_content_type_id_2f476e4b_fk_django_co FOREIGN KEY (content_type_id) REFERENCES public.django_content_type(id) DEFERRABLE INITIALLY DEFERRED;


--
-- Name: authentication_usermodel_groups authentication_userm_group_id_82de6619_fk_auth_grou; Type: FK CONSTRAINT; Schema: public; Owner: aurora
--

ALTER TABLE ONLY public.authentication_usermodel_groups
    ADD CONSTRAINT authentication_userm_group_id_82de6619_fk_auth_grou FOREIGN KEY (group_id) REFERENCES public.auth_group(id) DEFERRABLE INITIALLY DEFERRED;


--
-- Name: authentication_usermodel_user_permissions authentication_userm_permission_id_6da949fd_fk_auth_perm; Type: FK CONSTRAINT; Schema: public; Owner: aurora
--

ALTER TABLE ONLY public.authentication_usermodel_user_permissions
    ADD CONSTRAINT authentication_userm_permission_id_6da949fd_fk_auth_perm FOREIGN KEY (permission_id) REFERENCES public.auth_permission(id) DEFERRABLE INITIALLY DEFERRED;


--
-- Name: authentication_usermodel_user_permissions authentication_userm_usermodel_id_250e5b78_fk_authentic; Type: FK CONSTRAINT; Schema: public; Owner: aurora
--

ALTER TABLE ONLY public.authentication_usermodel_user_permissions
    ADD CONSTRAINT authentication_userm_usermodel_id_250e5b78_fk_authentic FOREIGN KEY (usermodel_id) REFERENCES public.authentication_usermodel(id) DEFERRABLE INITIALLY DEFERRED;


--
-- Name: authentication_usermodel_groups authentication_userm_usermodel_id_894be9bd_fk_authentic; Type: FK CONSTRAINT; Schema: public; Owner: aurora
--

ALTER TABLE ONLY public.authentication_usermodel_groups
    ADD CONSTRAINT authentication_userm_usermodel_id_894be9bd_fk_authentic FOREIGN KEY (usermodel_id) REFERENCES public.authentication_usermodel(id) DEFERRABLE INITIALLY DEFERRED;


--
-- Name: django_admin_log django_admin_log_content_type_id_c4bce8eb_fk_django_co; Type: FK CONSTRAINT; Schema: public; Owner: aurora
--

ALTER TABLE ONLY public.django_admin_log
    ADD CONSTRAINT django_admin_log_content_type_id_c4bce8eb_fk_django_co FOREIGN KEY (content_type_id) REFERENCES public.django_content_type(id) DEFERRABLE INITIALLY DEFERRED;


--
-- Name: django_admin_log django_admin_log_user_id_c564eba6_fk_authentic; Type: FK CONSTRAINT; Schema: public; Owner: aurora
--

ALTER TABLE ONLY public.django_admin_log
    ADD CONSTRAINT django_admin_log_user_id_c564eba6_fk_authentic FOREIGN KEY (user_id) REFERENCES public.authentication_usermodel(id) DEFERRABLE INITIALLY DEFERRED;


--
-- Name: product_category product_category_created_by_id_f48672df_fk_authentic; Type: FK CONSTRAINT; Schema: public; Owner: aurora
--

ALTER TABLE ONLY public.product_category
    ADD CONSTRAINT product_category_created_by_id_f48672df_fk_authentic FOREIGN KEY (created_by_id) REFERENCES public.authentication_usermodel(id) DEFERRABLE INITIALLY DEFERRED;


--
-- Name: product_category product_category_restaurant_id_95e3d09f_fk_restauran; Type: FK CONSTRAINT; Schema: public; Owner: aurora
--

ALTER TABLE ONLY public.product_category
    ADD CONSTRAINT product_category_restaurant_id_95e3d09f_fk_restauran FOREIGN KEY (restaurant_id) REFERENCES public.restaurant_restaurant(id) DEFERRABLE INITIALLY DEFERRED;


--
-- Name: product_category product_category_update_by_id_f9810e44_fk_authentic; Type: FK CONSTRAINT; Schema: public; Owner: aurora
--

ALTER TABLE ONLY public.product_category
    ADD CONSTRAINT product_category_update_by_id_f9810e44_fk_authentic FOREIGN KEY (update_by_id) REFERENCES public.authentication_usermodel(id) DEFERRABLE INITIALLY DEFERRED;


--
-- Name: product_menu product_menu_category_id_b5c7c67a_fk_product_category_id; Type: FK CONSTRAINT; Schema: public; Owner: aurora
--

ALTER TABLE ONLY public.product_menu
    ADD CONSTRAINT product_menu_category_id_b5c7c67a_fk_product_category_id FOREIGN KEY (category_id) REFERENCES public.product_category(id) DEFERRABLE INITIALLY DEFERRED;


--
-- Name: product_menu product_menu_created_by_id_ca9e8e72_fk_authentic; Type: FK CONSTRAINT; Schema: public; Owner: aurora
--

ALTER TABLE ONLY public.product_menu
    ADD CONSTRAINT product_menu_created_by_id_ca9e8e72_fk_authentic FOREIGN KEY (created_by_id) REFERENCES public.authentication_usermodel(id) DEFERRABLE INITIALLY DEFERRED;


--
-- Name: product_menu product_menu_restaurant_id_4e44f7bd_fk_restaurant_restaurant_id; Type: FK CONSTRAINT; Schema: public; Owner: aurora
--

ALTER TABLE ONLY public.product_menu
    ADD CONSTRAINT product_menu_restaurant_id_4e44f7bd_fk_restaurant_restaurant_id FOREIGN KEY (restaurant_id) REFERENCES public.restaurant_restaurant(id) DEFERRABLE INITIALLY DEFERRED;


--
-- Name: product_menu product_menu_update_by_id_a2f64171_fk_authentic; Type: FK CONSTRAINT; Schema: public; Owner: aurora
--

ALTER TABLE ONLY public.product_menu
    ADD CONSTRAINT product_menu_update_by_id_a2f64171_fk_authentic FOREIGN KEY (update_by_id) REFERENCES public.authentication_usermodel(id) DEFERRABLE INITIALLY DEFERRED;


--
-- Name: restaurant_restaurant restaurant_restauran_admin_id_b69d0a40_fk_authentic; Type: FK CONSTRAINT; Schema: public; Owner: aurora
--

ALTER TABLE ONLY public.restaurant_restaurant
    ADD CONSTRAINT restaurant_restauran_admin_id_b69d0a40_fk_authentic FOREIGN KEY (admin_id) REFERENCES public.authentication_usermodel(id) DEFERRABLE INITIALLY DEFERRED;


--
-- Name: restaurant_restaurant restaurant_restauran_created_by_id_bc92e39c_fk_authentic; Type: FK CONSTRAINT; Schema: public; Owner: aurora
--

ALTER TABLE ONLY public.restaurant_restaurant
    ADD CONSTRAINT restaurant_restauran_created_by_id_bc92e39c_fk_authentic FOREIGN KEY (created_by_id) REFERENCES public.authentication_usermodel(id) DEFERRABLE INITIALLY DEFERRED;


--
-- Name: restaurant_restaurant_editors restaurant_restauran_restaurant_id_9a296db0_fk_restauran; Type: FK CONSTRAINT; Schema: public; Owner: aurora
--

ALTER TABLE ONLY public.restaurant_restaurant_editors
    ADD CONSTRAINT restaurant_restauran_restaurant_id_9a296db0_fk_restauran FOREIGN KEY (restaurant_id) REFERENCES public.restaurant_restaurant(id) DEFERRABLE INITIALLY DEFERRED;


--
-- Name: restaurant_restaurant restaurant_restauran_update_by_id_407ae93c_fk_authentic; Type: FK CONSTRAINT; Schema: public; Owner: aurora
--

ALTER TABLE ONLY public.restaurant_restaurant
    ADD CONSTRAINT restaurant_restauran_update_by_id_407ae93c_fk_authentic FOREIGN KEY (update_by_id) REFERENCES public.authentication_usermodel(id) DEFERRABLE INITIALLY DEFERRED;


--
-- Name: restaurant_restaurant_editors restaurant_restauran_usermodel_id_84187293_fk_authentic; Type: FK CONSTRAINT; Schema: public; Owner: aurora
--

ALTER TABLE ONLY public.restaurant_restaurant_editors
    ADD CONSTRAINT restaurant_restauran_usermodel_id_84187293_fk_authentic FOREIGN KEY (usermodel_id) REFERENCES public.authentication_usermodel(id) DEFERRABLE INITIALLY DEFERRED;


--
-- PostgreSQL database dump complete
--

