--
-- PostgreSQL database dump
--

-- Dumped from database version 15.10 (Debian 15.10-0+deb12u1)
-- Dumped by pg_dump version 15.10 (Debian 15.10-0+deb12u1)

SET statement_timeout = 0;
SET lock_timeout = 0;
SET idle_in_transaction_session_timeout = 0;
SET client_encoding = 'UTF8';
SET standard_conforming_strings = on;
SELECT pg_catalog.set_config('search_path', '', false);
SET check_function_bodies = false;
SET xmloption = content;
SET client_min_messages = warning;
SET row_security = off;

SET default_tablespace = '';

SET default_table_access_method = heap;

--
-- Name: auth_group; Type: TABLE; Schema: public; Owner: aurora
--

CREATE TABLE public.auth_group (
    id integer NOT NULL,
    name character varying(150) NOT NULL
);


ALTER TABLE public.auth_group OWNER TO aurora;

--
-- Name: auth_group_id_seq; Type: SEQUENCE; Schema: public; Owner: aurora
--

ALTER TABLE public.auth_group ALTER COLUMN id ADD GENERATED BY DEFAULT AS IDENTITY (
    SEQUENCE NAME public.auth_group_id_seq
    START WITH 1
    INCREMENT BY 1
    NO MINVALUE
    NO MAXVALUE
    CACHE 1
);


--
-- Name: auth_group_permissions; Type: TABLE; Schema: public; Owner: aurora
--

CREATE TABLE public.auth_group_permissions (
    id bigint NOT NULL,
    group_id integer NOT NULL,
    permission_id integer NOT NULL
);


ALTER TABLE public.auth_group_permissions OWNER TO aurora;

--
-- Name: auth_group_permissions_id_seq; Type: SEQUENCE; Schema: public; Owner: aurora
--

ALTER TABLE public.auth_group_permissions ALTER COLUMN id ADD GENERATED BY DEFAULT AS IDENTITY (
    SEQUENCE NAME public.auth_group_permissions_id_seq
    START WITH 1
    INCREMENT BY 1
    NO MINVALUE
    NO MAXVALUE
    CACHE 1
);


--
-- Name: auth_permission; Type: TABLE; Schema: public; Owner: aurora
--

CREATE TABLE public.auth_permission (
    id integer NOT NULL,
    name character varying(255) NOT NULL,
    content_type_id integer NOT NULL,
    codename character varying(100) NOT NULL
);


ALTER TABLE public.auth_permission OWNER TO aurora;

--
-- Name: auth_permission_id_seq; Type: SEQUENCE; Schema: public; Owner: aurora
--

ALTER TABLE public.auth_permission ALTER COLUMN id ADD GENERATED BY DEFAULT AS IDENTITY (
    SEQUENCE NAME public.auth_permission_id_seq
    START WITH 1
    INCREMENT BY 1
    NO MINVALUE
    NO MAXVALUE
    CACHE 1
);


--
-- Name: auth_user; Type: TABLE; Schema: public; Owner: aurora
--

CREATE TABLE public.auth_user (
    id integer NOT NULL,
    password character varying(128) NOT NULL,
    last_login timestamp with time zone,
    is_superuser boolean NOT NULL,
    username character varying(150) NOT NULL,
    first_name character varying(150) NOT NULL,
    last_name character varying(150) NOT NULL,
    email character varying(254) NOT NULL,
    is_staff boolean NOT NULL,
    is_active boolean NOT NULL,
    date_joined timestamp with time zone NOT NULL
);


ALTER TABLE public.auth_user OWNER TO aurora;

--
-- Name: auth_user_groups; Type: TABLE; Schema: public; Owner: aurora
--

CREATE TABLE public.auth_user_groups (
    id bigint NOT NULL,
    user_id integer NOT NULL,
    group_id integer NOT NULL
);


ALTER TABLE public.auth_user_groups OWNER TO aurora;

--
-- Name: auth_user_groups_id_seq; Type: SEQUENCE; Schema: public; Owner: aurora
--

ALTER TABLE public.auth_user_groups ALTER COLUMN id ADD GENERATED BY DEFAULT AS IDENTITY (
    SEQUENCE NAME public.auth_user_groups_id_seq
    START WITH 1
    INCREMENT BY 1
    NO MINVALUE
    NO MAXVALUE
    CACHE 1
);


--
-- Name: auth_user_id_seq; Type: SEQUENCE; Schema: public; Owner: aurora
--

ALTER TABLE public.auth_user ALTER COLUMN id ADD GENERATED BY DEFAULT AS IDENTITY (
    SEQUENCE NAME public.auth_user_id_seq
    START WITH 1
    INCREMENT BY 1
    NO MINVALUE
    NO MAXVALUE
    CACHE 1
);


--
-- Name: auth_user_user_permissions; Type: TABLE; Schema: public; Owner: aurora
--

CREATE TABLE public.auth_user_user_permissions (
    id bigint NOT NULL,
    user_id integer NOT NULL,
    permission_id integer NOT NULL
);


ALTER TABLE public.auth_user_user_permissions OWNER TO aurora;

--
-- Name: auth_user_user_permissions_id_seq; Type: SEQUENCE; Schema: public; Owner: aurora
--

ALTER TABLE public.auth_user_user_permissions ALTER COLUMN id ADD GENERATED BY DEFAULT AS IDENTITY (
    SEQUENCE NAME public.auth_user_user_permissions_id_seq
    START WITH 1
    INCREMENT BY 1
    NO MINVALUE
    NO MAXVALUE
    CACHE 1
);


--
-- Name: django_admin_log; Type: TABLE; Schema: public; Owner: aurora
--

CREATE TABLE public.django_admin_log (
    id integer NOT NULL,
    action_time timestamp with time zone NOT NULL,
    object_id text,
    object_repr character varying(200) NOT NULL,
    action_flag smallint NOT NULL,
    change_message text NOT NULL,
    content_type_id integer,
    user_id integer NOT NULL,
    CONSTRAINT django_admin_log_action_flag_check CHECK ((action_flag >= 0))
);


ALTER TABLE public.django_admin_log OWNER TO aurora;

--
-- Name: django_admin_log_id_seq; Type: SEQUENCE; Schema: public; Owner: aurora
--

ALTER TABLE public.django_admin_log ALTER COLUMN id ADD GENERATED BY DEFAULT AS IDENTITY (
    SEQUENCE NAME public.django_admin_log_id_seq
    START WITH 1
    INCREMENT BY 1
    NO MINVALUE
    NO MAXVALUE
    CACHE 1
);


--
-- Name: django_content_type; Type: TABLE; Schema: public; Owner: aurora
--

CREATE TABLE public.django_content_type (
    id integer NOT NULL,
    app_label character varying(100) NOT NULL,
    model character varying(100) NOT NULL
);


ALTER TABLE public.django_content_type OWNER TO aurora;

--
-- Name: django_content_type_id_seq; Type: SEQUENCE; Schema: public; Owner: aurora
--

ALTER TABLE public.django_content_type ALTER COLUMN id ADD GENERATED BY DEFAULT AS IDENTITY (
    SEQUENCE NAME public.django_content_type_id_seq
    START WITH 1
    INCREMENT BY 1
    NO MINVALUE
    NO MAXVALUE
    CACHE 1
);


--
-- Name: django_migrations; Type: TABLE; Schema: public; Owner: aurora
--

CREATE TABLE public.django_migrations (
    id bigint NOT NULL,
    app character varying(255) NOT NULL,
    name character varying(255) NOT NULL,
    applied timestamp with time zone NOT NULL
);


ALTER TABLE public.django_migrations OWNER TO aurora;

--
-- Name: django_migrations_id_seq; Type: SEQUENCE; Schema: public; Owner: aurora
--

ALTER TABLE public.django_migrations ALTER COLUMN id ADD GENERATED BY DEFAULT AS IDENTITY (
    SEQUENCE NAME public.django_migrations_id_seq
    START WITH 1
    INCREMENT BY 1
    NO MINVALUE
    NO MAXVALUE
    CACHE 1
);


--
-- Name: django_session; Type: TABLE; Schema: public; Owner: aurora
--

CREATE TABLE public.django_session (
    session_key character varying(40) NOT NULL,
    session_data text NOT NULL,
    expire_date timestamp with time zone NOT NULL
);


ALTER TABLE public.django_session OWNER TO aurora;

--
-- Name: menu_app_category; Type: TABLE; Schema: public; Owner: aurora
--

CREATE TABLE public.menu_app_category (
    id bigint NOT NULL,
    created_time timestamp with time zone,
    update_time timestamp with time zone,
    name character varying(225) NOT NULL,
    slug character varying(50),
    created_by_id integer,
    restaurant_id bigint,
    update_by_id integer,
    "order" integer NOT NULL,
    is_active boolean NOT NULL
);


ALTER TABLE public.menu_app_category OWNER TO aurora;

--
-- Name: menu_app_category_id_seq; Type: SEQUENCE; Schema: public; Owner: aurora
--

ALTER TABLE public.menu_app_category ALTER COLUMN id ADD GENERATED BY DEFAULT AS IDENTITY (
    SEQUENCE NAME public.menu_app_category_id_seq
    START WITH 1
    INCREMENT BY 1
    NO MINVALUE
    NO MAXVALUE
    CACHE 1
);


--
-- Name: menu_app_menu; Type: TABLE; Schema: public; Owner: aurora
--

CREATE TABLE public.menu_app_menu (
    id bigint NOT NULL,
    created_time timestamp with time zone,
    update_time timestamp with time zone,
    name character varying(225),
    description text,
    price integer,
    photo character varying(100),
    is_active boolean NOT NULL,
    category_id bigint,
    created_by_id integer,
    restaurant_id bigint,
    update_by_id integer,
    availability boolean NOT NULL
);


ALTER TABLE public.menu_app_menu OWNER TO aurora;

--
-- Name: menu_app_menu_id_seq; Type: SEQUENCE; Schema: public; Owner: aurora
--

ALTER TABLE public.menu_app_menu ALTER COLUMN id ADD GENERATED BY DEFAULT AS IDENTITY (
    SEQUENCE NAME public.menu_app_menu_id_seq
    START WITH 1
    INCREMENT BY 1
    NO MINVALUE
    NO MAXVALUE
    CACHE 1
);


--
-- Name: menu_app_promo; Type: TABLE; Schema: public; Owner: aurora
--

CREATE TABLE public.menu_app_promo (
    id bigint NOT NULL,
    created_time timestamp with time zone,
    update_time timestamp with time zone,
    name character varying(225),
    description text,
    photo character varying(100),
    price integer,
    is_active boolean NOT NULL,
    created_by_id integer,
    restaurant_id bigint,
    update_by_id integer,
    CONSTRAINT menu_app_promo_price_check CHECK ((price >= 0))
);


ALTER TABLE public.menu_app_promo OWNER TO aurora;

--
-- Name: menu_app_promo_id_seq; Type: SEQUENCE; Schema: public; Owner: aurora
--

ALTER TABLE public.menu_app_promo ALTER COLUMN id ADD GENERATED BY DEFAULT AS IDENTITY (
    SEQUENCE NAME public.menu_app_promo_id_seq
    START WITH 1
    INCREMENT BY 1
    NO MINVALUE
    NO MAXVALUE
    CACHE 1
);


--
-- Name: menu_app_restaurant; Type: TABLE; Schema: public; Owner: aurora
--

CREATE TABLE public.menu_app_restaurant (
    id bigint NOT NULL,
    created_time timestamp with time zone,
    update_time timestamp with time zone,
    name character varying(225),
    adress character varying(225) NOT NULL,
    photo character varying(100),
    logo character varying(100),
    created_by_id integer,
    update_by_id integer,
    user_id integer,
    instagramm character varying(255),
    is_active boolean NOT NULL,
    telegram character varying(255),
    availability_orders boolean NOT NULL,
    orders_chat_id integer,
    waiter_chat_id integer
);


ALTER TABLE public.menu_app_restaurant OWNER TO aurora;

--
-- Name: menu_app_restaurant_id_seq; Type: SEQUENCE; Schema: public; Owner: aurora
--

ALTER TABLE public.menu_app_restaurant ALTER COLUMN id ADD GENERATED BY DEFAULT AS IDENTITY (
    SEQUENCE NAME public.menu_app_restaurant_id_seq
    START WITH 1
    INCREMENT BY 1
    NO MINVALUE
    NO MAXVALUE
    CACHE 1
);


--
-- Data for Name: auth_group; Type: TABLE DATA; Schema: public; Owner: aurora
--

COPY public.auth_group (id, name) FROM stdin;
\.


--
-- Data for Name: auth_group_permissions; Type: TABLE DATA; Schema: public; Owner: aurora
--

COPY public.auth_group_permissions (id, group_id, permission_id) FROM stdin;
\.


--
-- Data for Name: auth_permission; Type: TABLE DATA; Schema: public; Owner: aurora
--

COPY public.auth_permission (id, name, content_type_id, codename) FROM stdin;
1	Can add log entry	1	add_logentry
2	Can change log entry	1	change_logentry
3	Can delete log entry	1	delete_logentry
4	Can view log entry	1	view_logentry
5	Can add permission	2	add_permission
6	Can change permission	2	change_permission
7	Can delete permission	2	delete_permission
8	Can view permission	2	view_permission
9	Can add group	3	add_group
10	Can change group	3	change_group
11	Can delete group	3	delete_group
12	Can view group	3	view_group
13	Can add user	4	add_user
14	Can change user	4	change_user
15	Can delete user	4	delete_user
16	Can view user	4	view_user
17	Can add content type	5	add_contenttype
18	Can change content type	5	change_contenttype
19	Can delete content type	5	delete_contenttype
20	Can view content type	5	view_contenttype
21	Can add session	6	add_session
22	Can change session	6	change_session
23	Can delete session	6	delete_session
24	Can view session	6	view_session
25	Can add category	7	add_category
26	Can change category	7	change_category
27	Can delete category	7	delete_category
28	Can view category	7	view_category
29	Can add restaurant	8	add_restaurant
30	Can change restaurant	8	change_restaurant
31	Can delete restaurant	8	delete_restaurant
32	Can view restaurant	8	view_restaurant
33	Can add menu	9	add_menu
34	Can change menu	9	change_menu
35	Can delete menu	9	delete_menu
36	Can view menu	9	view_menu
37	Can add promo	10	add_promo
38	Can change promo	10	change_promo
39	Can delete promo	10	delete_promo
40	Can view promo	10	view_promo
\.


--
-- Data for Name: auth_user; Type: TABLE DATA; Schema: public; Owner: aurora
--

COPY public.auth_user (id, password, last_login, is_superuser, username, first_name, last_name, email, is_staff, is_active, date_joined) FROM stdin;
6	pbkdf2_sha256$600000$wGcBIIlHt7jp6aG00PWkEl$pUGvIFnmubIqhJK6x1nam9ZWFlS7ecNLHRLuI4SRRgM=	\N	f	theplov	The	Plov		f	t	2024-06-25 13:42:01+00
2	pbkdf2_sha256$600000$4gxv41BR91wyDesdw2qDHo$kHOogXkdOqG6YrPvQxl+Ls4/6arL6krT9wYUuHGWcSs=	\N	t	staff	Yusuf	Umidjonovich		t	t	2024-03-04 19:35:32+00
5	pbkdf2_sha256$600000$girKaYXVIUmKrYWnJcUhPk$HfVautT8DLA6HsncLIq7RPn/EBgLwG9YPrsoyuUxSeo=	2024-05-30 16:06:43+00	f	craft	Craft	Burger		f	t	2024-05-30 16:04:20+00
7	pbkdf2_sha256$600000$ILi3Cvf6f8Bo86205x4us7$FYpaeU2cr68b6pWgOs7uBKP2WBRX8MUR0uxGzBWjGNE=	\N	f	bon-bon	Bon	Bon		f	t	2024-12-29 13:44:28+00
4	pbkdf2_sha256$600000$YCtZucV7o5Nx3zPW6M1d2J$R43vLZXgnQR+RmvE1wO8G6/pd9BtZVPpPsmJtuWmau0=	\N	f	joy				f	t	2024-04-08 05:48:16.31396+00
1	pbkdf2_sha256$600000$9LsAmaqGvfVFaZX8LoIWfj$7labrEDUpJ5g6D0aqc743VHeH/aBRS8JW6nPeCuaCM0=	2025-02-04 04:55:09.636664+00	t	admin	Supereme			t	t	2024-03-04 12:14:37+00
3	pbkdf2_sha256$600000$0jmdhnz6Pf4fFDAW0Ov58Y$6TEHrutf2nO8IbKPjyivbEB/iQC7+tJu9WmATbRSUSk=	\N	f	test	John	Doe		f	t	2024-03-04 19:35:49+00
\.


--
-- Data for Name: auth_user_groups; Type: TABLE DATA; Schema: public; Owner: aurora
--

COPY public.auth_user_groups (id, user_id, group_id) FROM stdin;
\.


--
-- Data for Name: auth_user_user_permissions; Type: TABLE DATA; Schema: public; Owner: aurora
--

COPY public.auth_user_user_permissions (id, user_id, permission_id) FROM stdin;
1	7	32
2	7	33
3	7	34
4	7	35
5	7	36
6	7	37
7	7	38
8	7	39
9	7	40
10	7	25
11	7	26
12	7	27
13	7	28
14	7	29
15	7	30
16	7	31
\.


--
-- Data for Name: django_admin_log; Type: TABLE DATA; Schema: public; Owner: aurora
--

COPY public.django_admin_log (id, action_time, object_id, object_repr, action_flag, change_message, content_type_id, user_id) FROM stdin;
1	2024-03-04 12:59:26.240901+00	1	Pasta House	1	[{"added": {}}]	8	1
2	2024-03-04 19:37:53.624044+00	2	Bella Italia	1	[{"added": {}}]	8	1
3	2024-03-04 19:40:17.536046+00	3	Olivia	1	[{"added": {}}]	8	1
4	2024-03-04 19:40:47.827824+00	2	staff	2	[{"changed": {"fields": ["First name", "Last name"]}}]	4	1
5	2024-03-04 19:41:14.301336+00	3	test	2	[{"changed": {"fields": ["First name", "Last name"]}}]	4	1
6	2024-03-04 19:41:39.941171+00	1	admin	2	[{"changed": {"fields": ["First name"]}}]	4	1
7	2024-03-04 19:42:00.915229+00	1	admin	2	[{"changed": {"fields": ["First name", "Last name"]}}]	4	1
8	2024-03-04 19:42:10.560724+00	1	admin	2	[{"changed": {"fields": ["Last name"]}}]	4	1
9	2024-03-06 07:51:06.859963+00	1	Promo is Olivia, 1+1=3	1	[{"added": {}}]	10	1
10	2024-03-06 07:53:19.747198+00	2	Promo is Olivia, Счастливые часы	1	[{"added": {}}]	10	1
11	2024-03-06 07:55:30.314239+00	3	Promo is Olivia, Комбо 3в1	1	[{"added": {}}]	10	1
12	2024-03-06 07:58:38.476805+00	4	Promo is Olivia, Стейк 50%	1	[{"added": {}}]	10	1
13	2024-03-24 08:43:53.672399+00	14	test for name check ddos check second cobalt onix mazda bmw	3		7	1
14	2024-03-24 08:43:53.674321+00	13	test for name check ddos	3		7	1
15	2024-03-24 13:38:46.545904+00	1	Паста Хаус	2	[{"changed": {"fields": ["Name"]}}]	8	1
16	2024-03-24 13:56:20.055919+00	1	Pasta House	2	[{"changed": {"fields": ["Name"]}}]	8	1
17	2024-03-30 17:15:24.408311+00	15	Супер Длинная мега длинная категория	3		7	1
18	2024-04-08 05:45:04.513958+00	2	Bella Italia	3		8	1
19	2024-04-08 05:48:16.809998+00	4	joy	1	[{"added": {}}]	4	1
20	2024-04-08 05:54:36.394275+00	4	Joy Chaikhana	1	[{"added": {}}]	8	1
21	2024-04-08 05:59:08.416684+00	4	Joy Chaikhana	2	[{"changed": {"fields": ["Logo"]}}]	8	1
22	2024-04-08 06:00:46.178383+00	4	Joy Chaikhana	2	[{"changed": {"fields": ["Logo"]}}]	8	1
23	2024-04-10 20:14:31.715305+00	5	Promo is Olivia, 234	3		10	1
24	2024-04-10 20:14:31.718069+00	6	Promo is Olivia, 324	3		10	1
25	2024-04-10 20:14:31.719569+00	7	Promo is Olivia, 2112	3		10	1
26	2024-04-10 20:14:31.721185+00	8	Promo is Olivia, sds	3		10	1
27	2024-04-10 20:14:31.722762+00	9	Promo is Olivia, 233	3		10	1
28	2024-04-10 20:14:31.724362+00	10	Promo is Olivia, sfds	3		10	1
29	2024-04-11 06:29:46.655402+00	11	Promo is Olivia, dsfs	3		10	1
30	2024-04-11 06:29:46.657693+00	12	Promo is Olivia, 1+1=3	3		10	1
31	2024-04-11 06:29:46.659274+00	13	Promo is Olivia, Счастливые часы	3		10	1
32	2024-04-11 06:29:46.660792+00	14	Promo is Olivia, Комбо 3в1	3		10	1
33	2024-04-11 06:29:46.66255+00	15	Promo is Olivia, Стейк 50%	3		10	1
34	2024-04-11 06:29:46.664213+00	16	Promo is Olivia, dsfs	3		10	1
35	2024-04-11 06:29:46.666135+00	17	Promo is Olivia, Счастливые часы	3		10	1
36	2024-04-11 06:29:46.668533+00	18	Promo is Olivia, 1+1=3	3		10	1
37	2024-04-11 06:29:46.670107+00	19	Promo is Olivia, Комбо 3в1	3		10	1
38	2024-04-11 06:29:46.671615+00	20	Promo is Olivia, dsfs	3		10	1
39	2024-04-11 06:29:46.673599+00	21	Promo is Olivia, Стейк 50%	3		10	1
40	2024-04-11 06:29:46.675293+00	22	Promo is Olivia, 1+1=3	3		10	1
41	2024-04-11 06:29:46.676641+00	23	Promo is Olivia, Комбо 3в1	3		10	1
42	2024-04-11 06:29:46.678113+00	24	Promo is Olivia, Счастливые часы	3		10	1
43	2024-04-11 06:29:46.679649+00	25	Promo is Olivia, Стейк 50%	3		10	1
44	2024-04-11 06:29:46.681006+00	26	Promo is Olivia, 1+1=3	3		10	1
45	2024-04-11 06:29:46.682451+00	27	Promo is Olivia, dsfs	3		10	1
46	2024-04-11 06:29:46.683908+00	28	Promo is Olivia, Счастливые часы	3		10	1
47	2024-04-11 06:29:46.685815+00	29	Promo is Olivia, Комбо 3в1	3		10	1
48	2024-04-11 06:29:46.687174+00	30	Promo is Olivia, dsfs	3		10	1
49	2024-04-11 06:29:46.688722+00	31	Promo is Olivia, Стейк 50%	3		10	1
50	2024-04-11 06:29:46.69022+00	32	Promo is Olivia, 1+1=3	3		10	1
51	2024-04-11 06:29:46.69202+00	33	Promo is Olivia, Счастливые часы	3		10	1
52	2024-04-11 06:29:46.693464+00	34	Promo is Olivia, Комбо 3в1	3		10	1
53	2024-04-11 06:29:46.695021+00	35	Promo is Olivia, Стейк 50%	3		10	1
54	2024-04-11 06:29:46.696613+00	36	Promo is Olivia, dsfs	3		10	1
55	2024-04-11 06:29:46.698081+00	37	Promo is Olivia, 1+1=3	3		10	1
56	2024-04-11 06:29:46.699569+00	38	Promo is Olivia, Счастливые часы	3		10	1
57	2024-04-11 06:29:46.701065+00	39	Promo is Olivia, Комбо 3в1	3		10	1
58	2024-04-11 06:29:46.702522+00	40	Promo is Olivia, Стейк 50%	3		10	1
59	2024-04-11 06:29:46.704026+00	41	Promo is Olivia, dsfs	3		10	1
60	2024-04-11 06:29:46.7058+00	42	Promo is Olivia, 1+1=3	3		10	1
61	2024-04-11 06:29:46.707389+00	43	Promo is Olivia, Счастливые часы	3		10	1
62	2024-04-11 06:29:46.709104+00	44	Promo is Olivia, Комбо 3в1	3		10	1
63	2024-04-11 06:29:46.710622+00	45	Promo is Olivia, Стейк 50%	3		10	1
64	2024-04-11 06:29:46.712382+00	46	Promo is Olivia, dsfs	3		10	1
65	2024-04-11 06:29:46.713805+00	47	Promo is Olivia, 1+1=3	3		10	1
66	2024-04-11 06:29:46.715358+00	48	Promo is Olivia, Счастливые часы	3		10	1
67	2024-04-11 06:29:46.716805+00	49	Promo is Olivia, Комбо 3в1	3		10	1
68	2024-04-11 06:29:46.718193+00	50	Promo is Olivia, Стейк 50%	3		10	1
69	2024-04-11 06:29:46.719835+00	51	Promo is Olivia, dsfs	3		10	1
70	2024-04-11 06:29:46.721244+00	52	Promo is Olivia, 1+1=3	3		10	1
71	2024-04-11 06:29:46.723183+00	53	Promo is Olivia, Счастливые часы	3		10	1
72	2024-04-11 06:29:46.72477+00	54	Promo is Olivia, Комбо 3в1	3		10	1
73	2024-04-11 06:29:46.726186+00	55	Promo is Olivia, Стейк 50%	3		10	1
74	2024-04-11 06:29:46.727719+00	56	Promo is Olivia, dsfs	3		10	1
75	2024-04-11 06:29:46.729291+00	57	Promo is Olivia, 1+1=3	3		10	1
76	2024-04-11 06:29:46.731285+00	58	Promo is Olivia, Счастливые часы	3		10	1
77	2024-04-11 06:29:46.732707+00	59	Promo is Olivia, Комбо 3в1	3		10	1
78	2024-04-11 06:29:46.734239+00	60	Promo is Olivia, Стейк 50%	3		10	1
79	2024-04-11 06:29:46.735771+00	61	Promo is Olivia, dsfs	3		10	1
80	2024-04-11 06:29:46.737175+00	62	Promo is Olivia, 1+1=3	3		10	1
81	2024-04-11 06:29:46.738479+00	63	Promo is Olivia, Счастливые часы	3		10	1
82	2024-04-11 06:29:46.740237+00	64	Promo is Olivia, Комбо 3в1	3		10	1
83	2024-04-11 06:29:46.741475+00	65	Promo is Olivia, Стейк 50%	3		10	1
84	2024-04-11 06:29:46.742778+00	66	Promo is Olivia, dsfs	3		10	1
85	2024-04-11 06:29:46.744149+00	67	Promo is Olivia, 1+1=3	3		10	1
86	2024-04-11 06:29:46.745444+00	68	Promo is Olivia, Счастливые часы	3		10	1
87	2024-04-11 06:29:46.746752+00	69	Promo is Olivia, Комбо 3в1	3		10	1
88	2024-04-11 06:29:46.748609+00	70	Promo is Olivia, Стейк 50%	3		10	1
89	2024-04-11 06:29:46.750154+00	71	Promo is Olivia, dsfs	3		10	1
90	2024-04-11 06:29:46.751594+00	72	Promo is Olivia, 1+1=3	3		10	1
91	2024-04-11 06:29:46.752898+00	73	Promo is Olivia, Счастливые часы	3		10	1
92	2024-04-11 06:29:46.754333+00	74	Promo is Olivia, Стейк 50%	3		10	1
93	2024-04-11 06:29:46.756092+00	75	Promo is Olivia, Комбо 3в1	3		10	1
94	2024-04-11 06:29:46.757467+00	76	Promo is Olivia, dsfs	3		10	1
95	2024-04-11 06:29:46.758938+00	77	Promo is Olivia, 1+1=3	3		10	1
96	2024-04-11 06:29:46.760219+00	78	Promo is Olivia, Счастливые часы	3		10	1
97	2024-04-11 06:29:46.761937+00	79	Promo is Olivia, Комбо 3в1	3		10	1
98	2024-04-11 06:29:46.76335+00	80	Promo is Olivia, dsfs	3		10	1
99	2024-04-11 06:29:46.765099+00	81	Promo is Olivia, Стейк 50%	3		10	1
100	2024-04-11 06:29:46.766509+00	82	Promo is Olivia, 1+1=3	3		10	1
101	2024-04-11 06:29:46.767921+00	83	Promo is Olivia, Счастливые часы	3		10	1
102	2024-04-11 06:29:46.769215+00	84	Promo is Olivia, Комбо 3в1	3		10	1
103	2024-04-11 06:29:46.770998+00	85	Promo is Olivia, Стейк 50%	3		10	1
104	2024-04-11 06:29:46.772588+00	86	Promo is Olivia, dsfs	3		10	1
105	2024-04-11 06:29:46.774231+00	87	Promo is Olivia, 1+1=3	3		10	1
106	2024-04-11 06:29:46.775937+00	88	Promo is Olivia, Счастливые часы	3		10	1
107	2024-04-11 06:29:46.777914+00	89	Promo is Olivia, Комбо 3в1	3		10	1
108	2024-04-11 06:29:46.779321+00	90	Promo is Olivia, Стейк 50%	3		10	1
109	2024-04-11 06:29:46.781052+00	91	Promo is Olivia, dsfs	3		10	1
110	2024-04-11 06:29:46.782407+00	92	Promo is Olivia, 1+1=3	3		10	1
111	2024-04-11 06:29:46.784035+00	93	Promo is Olivia, Счастливые часы	3		10	1
112	2024-04-11 06:29:46.785512+00	94	Promo is Olivia, Комбо 3в1	3		10	1
113	2024-04-11 06:29:46.787008+00	95	Promo is Olivia, Стейк 50%	3		10	1
114	2024-04-11 06:29:46.788391+00	96	Promo is Olivia, dsfs	3		10	1
115	2024-04-11 06:29:46.789647+00	97	Promo is Olivia, 1+1=3	3		10	1
116	2024-04-11 06:29:46.791071+00	98	Promo is Olivia, Счастливые часы	3		10	1
117	2024-04-11 06:29:46.792847+00	99	Promo is Olivia, Комбо 3в1	3		10	1
118	2024-04-11 06:29:46.794257+00	100	Promo is Olivia, Стейк 50%	3		10	1
119	2024-04-11 06:29:46.795801+00	101	Promo is Olivia, dsfs	3		10	1
120	2024-04-11 06:29:46.797274+00	102	Promo is Olivia, 1+1=3	3		10	1
121	2024-04-11 06:29:46.798987+00	103	Promo is Olivia, Счастливые часы	3		10	1
122	2024-04-11 06:29:46.800587+00	104	Promo is Olivia, Комбо 3в1	3		10	1
123	2024-04-11 06:29:46.802485+00	105	Promo is Olivia, Стейк 50%	3		10	1
124	2024-04-11 06:29:46.80406+00	106	Promo is Olivia, dsfs	3		10	1
125	2024-04-11 06:30:36.266508+00	107	Promo is Olivia, 1+1=3	3		10	1
126	2024-04-11 06:30:36.268978+00	108	Promo is Olivia, Счастливые часы	3		10	1
127	2024-04-11 06:30:36.270518+00	109	Promo is Olivia, Комбо 3в1	3		10	1
128	2024-04-11 06:30:36.272133+00	110	Promo is Olivia, Стейк 50%	3		10	1
129	2024-04-11 06:30:36.273708+00	111	Promo is Olivia, dsfs	3		10	1
130	2024-04-11 06:30:36.27558+00	112	Promo is Olivia, 1+1=3	3		10	1
131	2024-04-11 06:30:36.277246+00	113	Promo is Olivia, Счастливые часы	3		10	1
132	2024-04-11 06:30:36.278638+00	114	Promo is Olivia, Комбо 3в1	3		10	1
133	2024-04-11 06:30:36.280336+00	115	Promo is Olivia, Стейк 50%	3		10	1
134	2024-04-11 06:30:36.281688+00	116	Promo is Olivia, dsfs	3		10	1
135	2024-04-11 06:30:36.283428+00	117	Promo is Olivia, 1+1=3	3		10	1
136	2024-04-11 06:30:36.284778+00	118	Promo is Olivia, Счастливые часы	3		10	1
137	2024-04-11 06:30:36.286289+00	119	Promo is Olivia, Комбо 3в1	3		10	1
138	2024-04-11 06:30:36.287587+00	120	Promo is Olivia, Стейк 50%	3		10	1
139	2024-04-11 06:30:36.28957+00	121	Promo is Olivia, dsfs	3		10	1
140	2024-04-11 06:30:36.291156+00	122	Promo is Olivia, 1+1=3	3		10	1
141	2024-04-11 06:30:36.292694+00	123	Promo is Olivia, Счастливые часы	3		10	1
142	2024-04-11 06:30:36.293935+00	124	Promo is Olivia, Комбо 3в1	3		10	1
143	2024-04-11 06:30:36.295371+00	125	Promo is Olivia, Стейк 50%	3		10	1
144	2024-04-11 06:30:36.296755+00	126	Promo is Olivia, dsfs	3		10	1
145	2024-04-11 06:30:36.298308+00	127	Promo is Olivia, 1+1=3	3		10	1
146	2024-04-11 06:30:36.299758+00	128	Promo is Olivia, Счастливые часы	3		10	1
147	2024-04-11 06:30:36.301172+00	129	Promo is Olivia, Комбо 3в1	3		10	1
148	2024-04-11 06:30:36.302467+00	130	Promo is Olivia, Стейк 50%	3		10	1
149	2024-04-11 06:30:36.303918+00	131	Promo is Olivia, dsfs	3		10	1
150	2024-04-11 06:30:36.305154+00	132	Promo is Olivia, 1+1=3	3		10	1
151	2024-04-11 06:30:36.30689+00	133	Promo is Olivia, Счастливые часы	3		10	1
152	2024-04-11 06:30:36.308188+00	134	Promo is Olivia, Комбо 3в1	3		10	1
153	2024-04-11 06:30:36.30989+00	135	Promo is Olivia, Стейк 50%	3		10	1
154	2024-04-11 06:30:36.311272+00	136	Promo is Olivia, dsfs	3		10	1
155	2024-04-11 06:30:36.312521+00	137	Promo is Olivia, 1+1=3	3		10	1
156	2024-04-11 06:30:36.313784+00	138	Promo is Olivia, Счастливые часы	3		10	1
157	2024-04-11 06:30:36.315287+00	139	Promo is Olivia, Комбо 3в1	3		10	1
158	2024-04-11 06:30:36.316618+00	140	Promo is Olivia, Стейк 50%	3		10	1
159	2024-04-11 06:30:36.31817+00	141	Promo is Olivia, dsfs	3		10	1
160	2024-04-11 06:30:36.319381+00	142	Promo is Olivia, 1+1=3	3		10	1
161	2024-04-11 06:30:36.320908+00	143	Promo is Olivia, Счастливые часы	3		10	1
162	2024-04-11 06:30:36.322253+00	144	Promo is Olivia, Комбо 3в1	3		10	1
163	2024-04-11 06:30:36.324001+00	145	Promo is Olivia, Стейк 50%	3		10	1
164	2024-04-11 06:30:36.325223+00	146	Promo is Olivia, dsfs	3		10	1
165	2024-04-11 06:30:36.326719+00	147	Promo is Olivia, 1+1=3	3		10	1
166	2024-04-11 06:30:36.328207+00	148	Promo is Olivia, Счастливые часы	3		10	1
167	2024-04-11 06:30:36.329559+00	149	Promo is Olivia, Комбо 3в1	3		10	1
168	2024-04-11 06:30:36.330792+00	150	Promo is Olivia, Стейк 50%	3		10	1
169	2024-04-11 06:30:36.332085+00	151	Promo is Olivia, dsfs	3		10	1
170	2024-04-11 06:30:36.333578+00	152	Promo is Olivia, 1+1=3	3		10	1
171	2024-04-11 06:30:36.33518+00	153	Promo is Olivia, Счастливые часы	3		10	1
172	2024-04-11 06:30:36.336666+00	154	Promo is Olivia, Комбо 3в1	3		10	1
173	2024-04-11 06:30:36.338083+00	155	Promo is Olivia, Стейк 50%	3		10	1
174	2024-04-11 06:30:36.339539+00	156	Promo is Olivia, dsfs	3		10	1
175	2024-04-11 06:30:36.340959+00	157	Promo is Olivia, 1+1=3	3		10	1
176	2024-04-11 06:30:36.342405+00	158	Promo is Olivia, Счастливые часы	3		10	1
177	2024-04-11 06:30:36.344225+00	159	Promo is Olivia, Комбо 3в1	3		10	1
178	2024-04-11 06:30:36.345649+00	160	Promo is Olivia, Стейк 50%	3		10	1
179	2024-04-11 06:30:36.346985+00	161	Promo is Olivia, dsfs	3		10	1
180	2024-04-11 06:30:36.348482+00	162	Promo is Olivia, 1+1=3	3		10	1
181	2024-04-11 06:30:36.350138+00	163	Promo is Olivia, Счастливые часы	3		10	1
182	2024-04-11 06:30:36.351462+00	164	Promo is Olivia, Комбо 3в1	3		10	1
183	2024-04-11 06:30:36.352946+00	165	Promo is Olivia, Стейк 50%	3		10	1
184	2024-04-11 06:30:36.354125+00	166	Promo is Olivia, dsfs	3		10	1
185	2024-04-11 06:30:36.355805+00	167	Promo is Olivia, 1+1=3	3		10	1
186	2024-04-11 06:30:36.357214+00	168	Promo is Olivia, Счастливые часы	3		10	1
187	2024-04-11 06:30:36.358489+00	169	Promo is Olivia, Комбо 3в1	3		10	1
188	2024-04-11 06:30:36.359958+00	170	Promo is Olivia, Стейк 50%	3		10	1
189	2024-04-11 06:30:36.36157+00	171	Promo is Olivia, dsfs	3		10	1
190	2024-04-11 06:30:36.362929+00	172	Promo is Olivia, 1+1=3	3		10	1
191	2024-04-11 06:30:36.364714+00	173	Promo is Olivia, Счастливые часы	3		10	1
192	2024-04-11 06:30:36.366191+00	174	Promo is Olivia, Комбо 3в1	3		10	1
193	2024-04-11 06:30:36.367813+00	175	Promo is Olivia, Стейк 50%	3		10	1
194	2024-04-11 06:30:36.369247+00	176	Promo is Olivia, dsfs	3		10	1
195	2024-04-11 06:30:36.37067+00	177	Promo is Olivia, 1+1=3	3		10	1
196	2024-04-11 06:30:36.372149+00	178	Promo is Olivia, Счастливые часы	3		10	1
197	2024-04-11 06:30:36.37363+00	179	Promo is Olivia, Комбо 3в1	3		10	1
198	2024-04-11 06:30:36.374971+00	180	Promo is Olivia, Стейк 50%	3		10	1
199	2024-04-11 06:30:36.376442+00	181	Promo is Olivia, dsfs	3		10	1
200	2024-04-11 06:30:36.377908+00	182	Promo is Olivia, 1+1=3	3		10	1
201	2024-04-11 06:30:36.379288+00	183	Promo is Olivia, Счастливые часы	3		10	1
202	2024-04-11 06:30:36.380641+00	184	Promo is Olivia, Комбо 3в1	3		10	1
203	2024-04-11 06:30:36.382056+00	185	Promo is Olivia, Стейк 50%	3		10	1
204	2024-04-11 06:30:36.383421+00	186	Promo is Olivia, dsfs	3		10	1
205	2024-04-11 06:30:36.385167+00	187	Promo is Olivia, 1+1=3	3		10	1
206	2024-04-11 06:30:36.386625+00	188	Promo is Olivia, Счастливые часы	3		10	1
207	2024-04-11 06:30:36.388395+00	189	Promo is Olivia, Комбо 3в1	3		10	1
208	2024-04-11 06:30:36.389735+00	190	Promo is Olivia, Стейк 50%	3		10	1
209	2024-04-11 06:30:36.391391+00	191	Promo is Olivia, dsfs	3		10	1
210	2024-04-11 06:30:36.392828+00	192	Promo is Olivia, 1+1=3	3		10	1
211	2024-04-11 06:30:36.394899+00	193	Promo is Olivia, Счастливые часы	3		10	1
212	2024-04-11 06:30:36.396314+00	194	Promo is Olivia, Комбо 3в1	3		10	1
213	2024-04-11 06:30:36.397854+00	195	Promo is Olivia, Стейк 50%	3		10	1
214	2024-04-11 06:30:36.399423+00	196	Promo is Olivia, dsfs	3		10	1
215	2024-04-11 06:30:36.401364+00	197	Promo is Olivia, 1+1=3	3		10	1
216	2024-04-11 06:30:36.402671+00	198	Promo is Olivia, Счастливые часы	3		10	1
217	2024-04-11 06:30:36.403958+00	199	Promo is Olivia, Комбо 3в1	3		10	1
218	2024-04-11 06:30:36.405698+00	200	Promo is Olivia, Стейк 50%	3		10	1
219	2024-04-11 06:30:36.407048+00	201	Promo is Olivia, dsfs	3		10	1
220	2024-04-11 06:30:36.408723+00	202	Promo is Olivia, 1+1=3	3		10	1
221	2024-04-11 06:31:05.850505+00	203	Promo is Olivia, Счастливые часы	3		10	1
222	2024-04-11 06:31:05.852742+00	204	Promo is Olivia, Комбо 3в1	3		10	1
223	2024-04-11 06:31:05.854111+00	205	Promo is Olivia, Стейк 50%	3		10	1
224	2024-04-11 06:31:05.855579+00	206	Promo is Olivia, dsfs	3		10	1
225	2024-04-11 06:31:05.857078+00	207	Promo is Olivia, 1+1=3	3		10	1
226	2024-04-11 06:31:05.858532+00	208	Promo is Olivia, Счастливые часы	3		10	1
227	2024-04-11 06:31:05.860105+00	209	Promo is Olivia, Комбо 3в1	3		10	1
228	2024-04-11 06:31:05.861545+00	210	Promo is Olivia, Стейк 50%	3		10	1
229	2024-04-11 06:31:05.864312+00	211	Promo is Olivia, dsfs	3		10	1
230	2024-04-11 06:31:05.865714+00	212	Promo is Olivia, 1+1=3	3		10	1
231	2024-04-11 06:31:05.867066+00	213	Promo is Olivia, Счастливые часы	3		10	1
232	2024-04-11 06:31:05.868529+00	214	Promo is Olivia, Комбо 3в1	3		10	1
233	2024-04-11 06:31:05.869798+00	215	Promo is Olivia, Стейк 50%	3		10	1
234	2024-04-11 06:31:05.871155+00	216	Promo is Olivia, dsfs	3		10	1
235	2024-04-11 06:31:05.872812+00	217	Promo is Olivia, 1+1=3	3		10	1
236	2024-04-11 06:31:05.874195+00	218	Promo is Olivia, Счастливые часы	3		10	1
237	2024-04-11 06:31:05.875531+00	219	Promo is Olivia, Комбо 3в1	3		10	1
238	2024-04-11 06:31:05.876781+00	220	Promo is Olivia, Стейк 50%	3		10	1
239	2024-04-11 06:31:05.878092+00	221	Promo is Olivia, dsfs	3		10	1
240	2024-04-11 06:31:05.879386+00	222	Promo is Olivia, 1+1=3	3		10	1
241	2024-04-11 06:31:05.881261+00	223	Promo is Olivia, Счастливые часы	3		10	1
242	2024-04-11 06:31:05.882502+00	224	Promo is Olivia, Комбо 3в1	3		10	1
243	2024-04-11 06:31:05.883748+00	225	Promo is Olivia, Стейк 50%	3		10	1
244	2024-04-11 06:31:05.885169+00	226	Promo is Olivia, dsfs	3		10	1
245	2024-04-11 06:31:05.886684+00	227	Promo is Olivia, 1+1=3	3		10	1
246	2024-04-11 06:31:05.888022+00	228	Promo is Olivia, Счастливые часы	3		10	1
247	2024-04-11 06:31:05.889765+00	229	Promo is Olivia, Комбо 3в1	3		10	1
248	2024-04-11 06:31:05.891182+00	230	Promo is Olivia, Стейк 50%	3		10	1
249	2024-04-11 06:31:05.89252+00	231	Promo is Olivia, dsfs	3		10	1
250	2024-04-11 06:31:05.893788+00	232	Promo is Olivia, 1+1=3	3		10	1
251	2024-04-11 06:31:05.895224+00	233	Promo is Olivia, Счастливые часы	3		10	1
252	2024-04-11 06:31:05.896539+00	234	Promo is Olivia, Комбо 3в1	3		10	1
253	2024-04-11 06:31:05.89795+00	235	Promo is Olivia, Стейк 50%	3		10	1
254	2024-04-11 06:31:05.899389+00	236	Promo is Olivia, dsfs	3		10	1
255	2024-04-11 06:31:05.90092+00	237	Promo is Olivia, 1+1=3	3		10	1
256	2024-04-11 06:31:05.902215+00	238	Promo is Olivia, Счастливые часы	3		10	1
257	2024-04-11 06:31:05.903602+00	239	Promo is Olivia, Комбо 3в1	3		10	1
258	2024-04-11 06:31:05.904935+00	240	Promo is Olivia, Стейк 50%	3		10	1
259	2024-04-11 06:31:05.906283+00	241	Promo is Olivia, dsfs	3		10	1
260	2024-04-11 06:31:05.907654+00	242	Promo is Olivia, 1+1=3	3		10	1
261	2024-04-11 06:31:05.90911+00	243	Promo is Olivia, Счастливые часы	3		10	1
262	2024-04-11 06:31:05.910488+00	244	Promo is Olivia, Комбо 3в1	3		10	1
263	2024-04-11 06:31:05.911923+00	245	Promo is Olivia, Стейк 50%	3		10	1
264	2024-04-11 06:31:05.913225+00	246	Promo is Olivia, dsfs	3		10	1
265	2024-04-11 06:31:05.914598+00	247	Promo is Olivia, 1+1=3	3		10	1
266	2024-04-11 06:31:05.915823+00	248	Promo is Olivia, Счастливые часы	3		10	1
267	2024-04-11 06:31:05.917063+00	249	Promo is Olivia, Комбо 3в1	3		10	1
268	2024-04-11 06:31:05.91826+00	250	Promo is Olivia, Стейк 50%	3		10	1
269	2024-04-11 06:31:05.919716+00	251	Promo is Olivia, dsfs	3		10	1
270	2024-04-11 06:31:05.921006+00	252	Promo is Olivia, 1+1=3	3		10	1
271	2024-04-11 06:31:05.922241+00	253	Promo is Olivia, Счастливые часы	3		10	1
272	2024-04-11 06:31:05.923618+00	254	Promo is Olivia, Комбо 3в1	3		10	1
273	2024-04-11 06:31:05.924973+00	255	Promo is Olivia, Стейк 50%	3		10	1
274	2024-04-11 06:31:05.926401+00	256	Promo is Olivia, dsfs	3		10	1
275	2024-04-11 06:31:05.927689+00	257	Promo is Olivia, 1+1=3	3		10	1
276	2024-04-11 06:31:05.929023+00	258	Promo is Olivia, Счастливые часы	3		10	1
277	2024-04-11 06:31:05.930406+00	259	Promo is Olivia, Комбо 3в1	3		10	1
278	2024-04-11 06:31:05.931844+00	260	Promo is Olivia, Стейк 50%	3		10	1
279	2024-04-11 06:31:05.933194+00	261	Promo is Olivia, dsfs	3		10	1
280	2024-04-11 06:31:05.934648+00	262	Promo is Olivia, 1+1=3	3		10	1
281	2024-04-11 06:31:05.93597+00	263	Promo is Olivia, Счастливые часы	3		10	1
282	2024-04-11 06:31:05.937351+00	264	Promo is Olivia, Комбо 3в1	3		10	1
283	2024-04-11 06:31:05.938804+00	265	Promo is Olivia, Стейк 50%	3		10	1
284	2024-04-11 06:31:05.940178+00	266	Promo is Olivia, dsfs	3		10	1
285	2024-04-11 06:31:05.941486+00	267	Promo is Olivia, 1+1=3	3		10	1
286	2024-04-11 06:31:05.942882+00	268	Promo is Olivia, Счастливые часы	3		10	1
287	2024-04-11 06:31:05.944289+00	269	Promo is Olivia, Комбо 3в1	3		10	1
288	2024-04-11 06:31:05.945759+00	270	Promo is Olivia, Стейк 50%	3		10	1
289	2024-04-11 06:31:05.947001+00	271	Promo is Olivia, dsfs	3		10	1
290	2024-04-11 06:31:05.948558+00	272	Promo is Olivia, 1+1=3	3		10	1
291	2024-04-11 06:31:05.949917+00	273	Promo is Olivia, Счастливые часы	3		10	1
292	2024-04-11 06:31:05.951351+00	274	Promo is Olivia, Комбо 3в1	3		10	1
293	2024-04-11 06:31:05.952598+00	275	Promo is Olivia, Стейк 50%	3		10	1
294	2024-04-11 06:31:05.954236+00	276	Promo is Olivia, dsfs	3		10	1
295	2024-04-11 06:31:05.955563+00	277	Promo is Olivia, 1+1=3	3		10	1
296	2024-04-11 06:31:05.957025+00	278	Promo is Olivia, Счастливые часы	3		10	1
297	2024-04-11 06:31:05.958343+00	279	Promo is Olivia, Комбо 3в1	3		10	1
298	2024-04-11 06:31:05.959725+00	280	Promo is Olivia, Стейк 50%	3		10	1
299	2024-04-11 06:31:05.961113+00	281	Promo is Olivia, dsfs	3		10	1
300	2024-04-11 06:31:05.962434+00	282	Promo is Olivia, 1+1=3	3		10	1
301	2024-04-11 06:31:05.963836+00	283	Promo is Olivia, Счастливые часы	3		10	1
302	2024-04-11 06:31:05.965292+00	284	Promo is Olivia, Комбо 3в1	3		10	1
303	2024-04-11 06:31:05.96663+00	285	Promo is Olivia, Стейк 50%	3		10	1
304	2024-04-11 06:31:05.967965+00	286	Promo is Olivia, dsfs	3		10	1
305	2024-04-11 06:31:05.969341+00	287	Promo is Olivia, 1+1=3	3		10	1
306	2024-04-11 06:31:05.970585+00	288	Promo is Olivia, Счастливые часы	3		10	1
307	2024-04-11 06:31:05.972114+00	289	Promo is Olivia, Комбо 3в1	3		10	1
308	2024-04-11 06:31:05.973441+00	290	Promo is Olivia, Стейк 50%	3		10	1
309	2024-04-11 06:31:05.97479+00	291	Promo is Olivia, dsfs	3		10	1
310	2024-04-11 06:31:05.976061+00	292	Promo is Olivia, 1+1=3	3		10	1
311	2024-04-11 06:31:05.977445+00	293	Promo is Olivia, Счастливые часы	3		10	1
312	2024-04-11 06:31:05.978784+00	294	Promo is Olivia, Комбо 3в1	3		10	1
313	2024-04-11 06:31:05.98058+00	295	Promo is Olivia, Стейк 50%	3		10	1
314	2024-04-11 06:31:05.982011+00	296	Promo is Olivia, dsfs	3		10	1
315	2024-04-11 06:31:05.983501+00	297	Promo is Olivia, 1+1=3	3		10	1
316	2024-04-11 06:31:05.98497+00	298	Promo is Olivia, Счастливые часы	3		10	1
317	2024-04-11 06:31:22.804669+00	299	Promo is Olivia, Комбо 3в1	3		10	1
318	2024-04-11 06:31:22.807088+00	300	Promo is Olivia, Стейк 50%	3		10	1
319	2024-04-11 06:31:22.808538+00	301	Promo is Olivia, dsfs	3		10	1
320	2024-04-11 06:31:22.810115+00	302	Promo is Olivia, 1+1=3	3		10	1
321	2024-04-11 06:31:22.811663+00	303	Promo is Olivia, Счастливые часы	3		10	1
322	2024-04-11 06:31:22.813372+00	304	Promo is Olivia, Комбо 3в1	3		10	1
323	2024-04-11 06:31:22.815373+00	305	Promo is Olivia, Стейк 50%	3		10	1
324	2024-04-11 06:31:22.816824+00	306	Promo is Olivia, dsfs	3		10	1
325	2024-04-11 06:31:22.818551+00	307	Promo is Olivia, 1+1=3	3		10	1
326	2024-04-11 06:31:22.819964+00	308	Promo is Olivia, Счастливые часы	3		10	1
327	2024-04-11 06:31:22.821545+00	309	Promo is Olivia, Комбо 3в1	3		10	1
328	2024-04-11 06:31:22.823337+00	310	Promo is Olivia, Стейк 50%	3		10	1
329	2024-04-11 06:31:22.824822+00	311	Promo is Olivia, dsfs	3		10	1
330	2024-04-11 06:31:22.826438+00	312	Promo is Olivia, 1+1=3	3		10	1
331	2024-04-11 06:31:22.828098+00	313	Promo is Olivia, Счастливые часы	3		10	1
332	2024-04-11 06:31:22.829762+00	314	Promo is Olivia, Комбо 3в1	3		10	1
333	2024-04-11 06:31:22.831483+00	315	Promo is Olivia, Стейк 50%	3		10	1
334	2024-04-11 06:31:22.833022+00	316	Promo is Olivia, dsfs	3		10	1
335	2024-04-11 06:31:22.834511+00	317	Promo is Olivia, 1+1=3	3		10	1
336	2024-04-11 06:31:22.836118+00	318	Promo is Olivia, Счастливые часы	3		10	1
337	2024-04-11 06:31:22.837727+00	319	Promo is Olivia, Комбо 3в1	3		10	1
338	2024-04-11 06:31:22.83924+00	320	Promo is Olivia, Стейк 50%	3		10	1
339	2024-04-11 06:31:22.840894+00	321	Promo is Olivia, dsfs	3		10	1
340	2024-04-11 06:31:22.842463+00	322	Promo is Olivia, 1+1=3	3		10	1
341	2024-04-11 06:31:22.843772+00	323	Promo is Olivia, Счастливые часы	3		10	1
342	2024-04-11 06:31:22.845411+00	324	Promo is Olivia, Комбо 3в1	3		10	1
343	2024-04-11 06:31:22.847073+00	325	Promo is Olivia, Стейк 50%	3		10	1
344	2024-04-11 06:31:22.848745+00	326	Promo is Olivia, dsfs	3		10	1
345	2024-04-11 06:31:22.850464+00	327	Promo is Olivia, 1+1=3	3		10	1
346	2024-04-11 06:31:22.852055+00	328	Promo is Olivia, Счастливые часы	3		10	1
347	2024-04-11 06:31:22.853701+00	329	Promo is Olivia, Комбо 3в1	3		10	1
348	2024-04-11 06:31:22.855058+00	330	Promo is Olivia, Стейк 50%	3		10	1
349	2024-04-11 06:31:22.856661+00	331	Promo is Olivia, dsfs	3		10	1
350	2024-04-11 06:31:22.857996+00	332	Promo is Olivia, 1+1=3	3		10	1
351	2024-04-11 06:31:22.859719+00	333	Promo is Olivia, Счастливые часы	3		10	1
352	2024-04-11 06:31:22.861167+00	334	Promo is Olivia, Комбо 3в1	3		10	1
353	2024-04-11 06:31:22.862784+00	335	Promo is Olivia, Стейк 50%	3		10	1
354	2024-04-11 06:31:22.864243+00	336	Promo is Olivia, dsfs	3		10	1
355	2024-04-11 06:31:22.865831+00	337	Promo is Olivia, 1+1=3	3		10	1
356	2024-04-11 06:31:22.867375+00	338	Promo is Olivia, Счастливые часы	3		10	1
357	2024-04-11 06:31:22.869366+00	339	Promo is Olivia, Комбо 3в1	3		10	1
358	2024-04-11 06:31:22.870641+00	340	Promo is Olivia, Стейк 50%	3		10	1
359	2024-04-11 06:31:22.872364+00	341	Promo is Olivia, dsfs	3		10	1
360	2024-04-11 06:31:22.873811+00	342	Promo is Olivia, 1+1=3	3		10	1
361	2024-04-11 06:31:22.875612+00	343	Promo is Olivia, Счастливые часы	3		10	1
362	2024-04-11 06:31:22.877114+00	344	Promo is Olivia, Комбо 3в1	3		10	1
363	2024-04-11 06:31:22.878411+00	345	Promo is Olivia, Стейк 50%	3		10	1
364	2024-04-11 06:31:22.879934+00	346	Promo is Olivia, dsfs	3		10	1
365	2024-04-11 06:31:22.881437+00	347	Promo is Olivia, 1+1=3	3		10	1
366	2024-04-11 06:31:22.883041+00	348	Promo is Olivia, Счастливые часы	3		10	1
367	2024-04-11 06:31:22.88445+00	349	Promo is Olivia, Комбо 3в1	3		10	1
368	2024-04-11 06:31:22.886007+00	350	Promo is Olivia, Стейк 50%	3		10	1
369	2024-04-11 06:31:22.887469+00	351	Promo is Olivia, dsfs	3		10	1
370	2024-04-11 06:31:22.889424+00	352	Promo is Olivia, 1+1=3	3		10	1
371	2024-04-11 06:31:22.890991+00	353	Promo is Olivia, Счастливые часы	3		10	1
372	2024-04-11 06:31:22.892795+00	354	Promo is Olivia, Комбо 3в1	3		10	1
373	2024-04-11 06:31:22.89426+00	355	Promo is Olivia, Стейк 50%	3		10	1
374	2024-04-11 06:31:22.895783+00	356	Promo is Olivia, dsfs	3		10	1
375	2024-04-11 06:31:22.897433+00	357	Promo is Olivia, 1+1=3	3		10	1
376	2024-04-11 06:31:22.899352+00	358	Promo is Olivia, Счастливые часы	3		10	1
377	2024-04-11 06:31:22.900678+00	359	Promo is Olivia, Комбо 3в1	3		10	1
378	2024-04-11 06:31:22.90267+00	360	Promo is Olivia, Стейк 50%	3		10	1
379	2024-04-11 06:31:22.90403+00	361	Promo is Olivia, dsfs	3		10	1
380	2024-04-11 06:31:22.905619+00	362	Promo is Olivia, 1+1=3	3		10	1
381	2024-04-11 06:31:22.907116+00	363	Promo is Olivia, Счастливые часы	3		10	1
382	2024-04-11 06:31:22.90878+00	364	Promo is Olivia, Комбо 3в1	3		10	1
383	2024-04-11 06:31:22.910182+00	365	Promo is Olivia, Стейк 50%	3		10	1
384	2024-04-11 06:31:22.911502+00	366	Promo is Olivia, dsfs	3		10	1
385	2024-04-11 06:31:22.912992+00	367	Promo is Olivia, 1+1=3	3		10	1
386	2024-04-11 06:31:22.914406+00	368	Promo is Olivia, Счастливые часы	3		10	1
387	2024-04-11 06:31:22.915862+00	369	Promo is Olivia, Комбо 3в1	3		10	1
388	2024-04-11 06:31:22.917741+00	370	Promo is Olivia, Стейк 50%	3		10	1
389	2024-04-11 06:31:22.91907+00	371	Promo is Olivia, dsfs	3		10	1
390	2024-04-11 06:31:22.920418+00	372	Promo is Olivia, 1+1=3	3		10	1
391	2024-04-11 06:31:22.921849+00	373	Promo is Olivia, Счастливые часы	3		10	1
392	2024-04-11 06:31:22.923244+00	374	Promo is Olivia, Комбо 3в1	3		10	1
393	2024-04-11 06:31:22.924618+00	375	Promo is Olivia, Стейк 50%	3		10	1
394	2024-04-11 06:31:22.925913+00	376	Promo is Olivia, dsfs	3		10	1
395	2024-04-11 06:31:22.927197+00	377	Promo is Olivia, 1+1=3	3		10	1
396	2024-04-11 06:31:22.928693+00	378	Promo is Olivia, Счастливые часы	3		10	1
397	2024-04-11 06:31:22.930017+00	379	Promo is Olivia, Комбо 3в1	3		10	1
398	2024-04-11 06:31:22.931381+00	380	Promo is Olivia, Стейк 50%	3		10	1
399	2024-04-11 06:31:22.932844+00	381	Promo is Olivia, dsfs	3		10	1
400	2024-04-11 06:31:22.934323+00	382	Promo is Olivia, 1+1=3	3		10	1
401	2024-04-11 06:31:22.936169+00	383	Promo is Olivia, Счастливые часы	3		10	1
402	2024-04-11 06:31:22.937643+00	384	Promo is Olivia, Комбо 3в1	3		10	1
403	2024-04-11 06:31:22.939179+00	385	Promo is Olivia, Стейк 50%	3		10	1
404	2024-04-11 06:31:22.940785+00	386	Promo is Olivia, dsfs	3		10	1
405	2024-04-11 06:31:22.942545+00	387	Promo is Olivia, 1+1=3	3		10	1
406	2024-04-11 06:31:22.944153+00	388	Promo is Olivia, Счастливые часы	3		10	1
407	2024-04-11 06:31:22.945631+00	389	Promo is Olivia, Комбо 3в1	3		10	1
408	2024-04-11 06:31:22.947283+00	390	Promo is Olivia, Стейк 50%	3		10	1
409	2024-04-11 06:31:22.949171+00	391	Promo is Olivia, dsfs	3		10	1
410	2024-04-11 06:31:22.950597+00	392	Promo is Olivia, 1+1=3	3		10	1
411	2024-04-11 06:31:22.952081+00	393	Promo is Olivia, Счастливые часы	3		10	1
412	2024-04-11 06:31:22.953601+00	394	Promo is Olivia, Комбо 3в1	3		10	1
413	2024-04-11 06:31:45.845193+00	395	Promo is Olivia, Стейк 50%	3		10	1
414	2024-04-11 06:31:45.848114+00	396	Promo is Olivia, dsfs	3		10	1
415	2024-04-11 06:31:45.849756+00	397	Promo is Olivia, 1+1=3	3		10	1
416	2024-04-11 06:31:45.851473+00	398	Promo is Olivia, Счастливые часы	3		10	1
417	2024-04-11 06:31:45.85282+00	399	Promo is Olivia, Комбо 3в1	3		10	1
418	2024-04-11 06:31:45.854586+00	400	Promo is Olivia, Стейк 50%	3		10	1
419	2024-04-11 06:31:45.856282+00	401	Promo is Olivia, dsfs	3		10	1
420	2024-04-11 06:31:45.857646+00	402	Promo is Olivia, 1+1=3	3		10	1
421	2024-04-11 06:31:45.859266+00	403	Promo is Olivia, Счастливые часы	3		10	1
422	2024-04-11 06:31:45.860742+00	404	Promo is Olivia, Комбо 3в1	3		10	1
423	2024-04-11 06:31:45.862217+00	405	Promo is Olivia, Стейк 50%	3		10	1
424	2024-04-11 06:31:45.863756+00	406	Promo is Olivia, dsfs	3		10	1
425	2024-04-11 06:31:45.865258+00	407	Promo is Olivia, 1+1=3	3		10	1
426	2024-04-11 06:31:45.866682+00	408	Promo is Olivia, Счастливые часы	3		10	1
427	2024-04-11 06:31:45.868052+00	409	Promo is Olivia, Комбо 3в1	3		10	1
428	2024-04-11 06:31:45.869723+00	410	Promo is Olivia, Стейк 50%	3		10	1
429	2024-04-11 06:31:45.871155+00	411	Promo is Olivia, dsfs	3		10	1
430	2024-04-11 06:31:45.872714+00	412	Promo is Olivia, 1+1=3	3		10	1
431	2024-04-11 06:31:45.874314+00	413	Promo is Olivia, Счастливые часы	3		10	1
432	2024-04-11 06:31:45.875613+00	414	Promo is Olivia, Комбо 3в1	3		10	1
433	2024-04-11 06:31:45.877573+00	415	Promo is Olivia, Стейк 50%	3		10	1
434	2024-04-11 06:31:45.879008+00	416	Promo is Olivia, dsfs	3		10	1
435	2024-04-11 06:31:45.880584+00	417	Promo is Olivia, 1+1=3	3		10	1
436	2024-04-11 06:31:45.882373+00	418	Promo is Olivia, Счастливые часы	3		10	1
437	2024-04-11 06:31:45.883637+00	419	Promo is Olivia, Комбо 3в1	3		10	1
438	2024-04-11 06:31:45.88524+00	420	Promo is Olivia, Стейк 50%	3		10	1
439	2024-04-11 06:31:45.886793+00	421	Promo is Olivia, dsfs	3		10	1
440	2024-04-11 06:31:45.888425+00	422	Promo is Olivia, 1+1=3	3		10	1
441	2024-04-11 06:31:45.889714+00	423	Promo is Olivia, Счастливые часы	3		10	1
442	2024-04-11 06:31:45.891747+00	424	Promo is Olivia, Комбо 3в1	3		10	1
443	2024-04-11 06:31:45.893212+00	425	Promo is Olivia, Стейк 50%	3		10	1
444	2024-04-11 06:31:45.894653+00	426	Promo is Olivia, dsfs	3		10	1
445	2024-04-11 06:31:45.896192+00	427	Promo is Olivia, 1+1=3	3		10	1
446	2024-04-11 06:31:45.897641+00	428	Promo is Olivia, Счастливые часы	3		10	1
447	2024-04-11 06:31:45.899146+00	429	Promo is Olivia, Комбо 3в1	3		10	1
448	2024-04-11 06:31:45.900515+00	430	Promo is Olivia, Стейк 50%	3		10	1
449	2024-04-11 06:31:45.901879+00	431	Promo is Olivia, dsfs	3		10	1
450	2024-04-11 06:31:45.903334+00	432	Promo is Olivia, 1+1=3	3		10	1
451	2024-04-11 06:31:45.904853+00	433	Promo is Olivia, Счастливые часы	3		10	1
452	2024-04-11 06:31:45.906447+00	434	Promo is Olivia, Комбо 3в1	3		10	1
453	2024-04-11 06:31:45.907819+00	435	Promo is Olivia, Стейк 50%	3		10	1
454	2024-04-11 06:31:45.909373+00	436	Promo is Olivia, dsfs	3		10	1
455	2024-04-11 06:31:45.910964+00	437	Promo is Olivia, 1+1=3	3		10	1
456	2024-04-11 06:31:45.912316+00	438	Promo is Olivia, Счастливые часы	3		10	1
457	2024-04-11 06:31:45.913901+00	439	Promo is Olivia, Комбо 3в1	3		10	1
458	2024-04-11 06:31:45.915464+00	440	Promo is Olivia, Стейк 50%	3		10	1
459	2024-04-11 06:31:45.917075+00	441	Promo is Olivia, dsfs	3		10	1
460	2024-04-11 06:31:45.91841+00	442	Promo is Olivia, 1+1=3	3		10	1
461	2024-04-11 06:31:45.920011+00	443	Promo is Olivia, Счастливые часы	3		10	1
462	2024-04-11 06:31:45.921376+00	444	Promo is Olivia, Комбо 3в1	3		10	1
463	2024-04-11 06:31:45.922847+00	445	Promo is Olivia, Стейк 50%	3		10	1
464	2024-04-11 06:31:45.924195+00	446	Promo is Olivia, dsfs	3		10	1
465	2024-04-11 06:31:45.92556+00	447	Promo is Olivia, 1+1=3	3		10	1
466	2024-04-11 06:31:45.927347+00	448	Promo is Olivia, Счастливые часы	3		10	1
467	2024-04-11 06:31:45.928998+00	449	Promo is Olivia, Комбо 3в1	3		10	1
468	2024-04-11 06:31:45.930519+00	450	Promo is Olivia, Стейк 50%	3		10	1
469	2024-04-11 06:31:45.931866+00	451	Promo is Olivia, dsfs	3		10	1
470	2024-04-11 06:31:45.933524+00	452	Promo is Olivia, 1+1=3	3		10	1
471	2024-04-11 06:31:45.934822+00	453	Promo is Olivia, Счастливые часы	3		10	1
472	2024-04-11 06:31:45.936291+00	454	Promo is Olivia, Комбо 3в1	3		10	1
473	2024-04-11 06:31:45.937784+00	455	Promo is Olivia, Стейк 50%	3		10	1
474	2024-04-11 06:31:45.939169+00	456	Promo is Olivia, dsfs	3		10	1
475	2024-04-11 06:31:45.940618+00	457	Promo is Olivia, 1+1=3	3		10	1
476	2024-04-11 06:31:45.941954+00	458	Promo is Olivia, Счастливые часы	3		10	1
477	2024-04-11 06:31:45.943297+00	459	Promo is Olivia, Комбо 3в1	3		10	1
478	2024-04-11 06:31:45.944611+00	460	Promo is Olivia, Стейк 50%	3		10	1
479	2024-04-11 06:31:45.945941+00	461	Promo is Olivia, dsfs	3		10	1
480	2024-04-11 06:31:45.94737+00	462	Promo is Olivia, 1+1=3	3		10	1
481	2024-04-11 06:31:45.948992+00	463	Promo is Olivia, Счастливые часы	3		10	1
482	2024-04-11 06:31:45.950706+00	464	Promo is Olivia, Комбо 3в1	3		10	1
483	2024-04-11 06:31:45.952031+00	465	Promo is Olivia, Стейк 50%	3		10	1
484	2024-04-11 06:31:45.953377+00	466	Promo is Olivia, dsfs	3		10	1
485	2024-04-11 06:31:45.954892+00	467	Promo is Olivia, 1+1=3	3		10	1
486	2024-04-11 06:31:45.956866+00	468	Promo is Olivia, Счастливые часы	3		10	1
487	2024-04-11 06:31:45.958187+00	469	Promo is Olivia, Комбо 3в1	3		10	1
488	2024-04-11 06:31:45.959862+00	470	Promo is Olivia, Стейк 50%	3		10	1
489	2024-04-11 06:31:45.961311+00	471	Promo is Olivia, dsfs	3		10	1
490	2024-04-11 06:31:45.962744+00	472	Promo is Olivia, 1+1=3	3		10	1
491	2024-04-11 06:31:45.964178+00	473	Promo is Olivia, Счастливые часы	3		10	1
492	2024-04-11 06:31:45.965818+00	474	Promo is Olivia, Комбо 3в1	3		10	1
493	2024-04-11 06:31:45.967259+00	475	Promo is Olivia, Стейк 50%	3		10	1
494	2024-04-11 06:31:45.969298+00	476	Promo is Olivia, dsfs	3		10	1
495	2024-04-11 06:31:45.970855+00	477	Promo is Olivia, 1+1=3	3		10	1
496	2024-04-11 06:31:45.972185+00	478	Promo is Olivia, Счастливые часы	3		10	1
497	2024-04-11 06:31:45.973587+00	479	Promo is Olivia, Комбо 3в1	3		10	1
498	2024-04-11 06:31:45.975214+00	480	Promo is Olivia, Стейк 50%	3		10	1
499	2024-04-11 06:31:45.976824+00	481	Promo is Olivia, dsfs	3		10	1
500	2024-04-11 06:31:45.97811+00	482	Promo is Olivia, 1+1=3	3		10	1
501	2024-04-11 06:31:45.979528+00	483	Promo is Olivia, Счастливые часы	3		10	1
502	2024-04-11 06:31:45.981048+00	484	Promo is Olivia, Комбо 3в1	3		10	1
503	2024-04-11 06:31:45.982472+00	485	Promo is Olivia, Стейк 50%	3		10	1
504	2024-04-11 06:31:45.983791+00	486	Promo is Olivia, dsfs	3		10	1
505	2024-04-11 06:31:45.985389+00	487	Promo is Olivia, 1+1=3	3		10	1
506	2024-04-11 06:31:45.986917+00	488	Promo is Olivia, Счастливые часы	3		10	1
507	2024-04-11 06:31:45.988446+00	489	Promo is Olivia, Комбо 3в1	3		10	1
508	2024-04-11 06:31:45.989816+00	490	Promo is Olivia, Стейк 50%	3		10	1
509	2024-04-11 06:32:08.793828+00	491	Promo is Olivia, dsfs	3		10	1
510	2024-04-11 06:32:08.796269+00	492	Promo is Olivia, 1+1=3	3		10	1
511	2024-04-11 06:32:08.797828+00	493	Promo is Olivia, Счастливые часы	3		10	1
512	2024-04-11 06:32:08.799253+00	494	Promo is Olivia, Комбо 3в1	3		10	1
513	2024-04-11 06:32:08.800841+00	495	Promo is Olivia, Стейк 50%	3		10	1
514	2024-04-11 06:32:08.802101+00	496	Promo is Olivia, dsfs	3		10	1
515	2024-04-11 06:32:08.804283+00	497	Promo is Olivia, 1+1=3	3		10	1
516	2024-04-11 06:32:08.805677+00	498	Promo is Olivia, Счастливые часы	3		10	1
517	2024-04-11 06:32:08.807194+00	499	Promo is Olivia, Комбо 3в1	3		10	1
518	2024-04-11 06:32:08.808483+00	500	Promo is Olivia, Стейк 50%	3		10	1
519	2024-04-11 06:32:08.809647+00	501	Promo is Olivia, dsfs	3		10	1
520	2024-04-11 06:32:08.810912+00	502	Promo is Olivia, 1+1=3	3		10	1
521	2024-04-11 06:32:08.812348+00	503	Promo is Olivia, Счастливые часы	3		10	1
522	2024-04-11 06:32:08.813659+00	504	Promo is Olivia, Комбо 3в1	3		10	1
523	2024-04-11 06:32:08.815122+00	505	Promo is Olivia, Стейк 50%	3		10	1
524	2024-04-11 06:32:08.816438+00	506	Promo is Olivia, dsfs	3		10	1
525	2024-04-11 06:32:08.817776+00	507	Promo is Olivia, 1+1=3	3		10	1
526	2024-04-11 06:32:08.819325+00	508	Promo is Olivia, Счастливые часы	3		10	1
527	2024-04-11 06:32:08.820683+00	509	Promo is Olivia, Комбо 3в1	3		10	1
528	2024-04-11 06:32:08.82216+00	510	Promo is Olivia, Стейк 50%	3		10	1
529	2024-04-11 06:32:08.823455+00	511	Promo is Olivia, dsfs	3		10	1
530	2024-04-11 06:32:08.82486+00	512	Promo is Olivia, 1+1=3	3		10	1
531	2024-04-11 06:32:08.826229+00	513	Promo is Olivia, Счастливые часы	3		10	1
532	2024-04-11 06:32:08.827554+00	514	Promo is Olivia, Комбо 3в1	3		10	1
533	2024-04-11 06:32:08.828802+00	515	Promo is Olivia, Стейк 50%	3		10	1
534	2024-04-11 06:32:08.830493+00	516	Promo is Olivia, dsfs	3		10	1
535	2024-04-11 06:32:08.831688+00	517	Promo is Olivia, 1+1=3	3		10	1
536	2024-04-11 06:32:08.833023+00	518	Promo is Olivia, Счастливые часы	3		10	1
537	2024-04-11 06:32:08.834478+00	519	Promo is Olivia, Комбо 3в1	3		10	1
538	2024-04-11 06:32:08.835854+00	520	Promo is Olivia, Стейк 50%	3		10	1
539	2024-04-11 06:32:08.837288+00	521	Promo is Olivia, dsfs	3		10	1
540	2024-04-11 06:32:08.838808+00	522	Promo is Olivia, 1+1=3	3		10	1
541	2024-04-11 06:32:08.840176+00	523	Promo is Olivia, Счастливые часы	3		10	1
542	2024-04-11 06:32:08.841485+00	524	Promo is Olivia, Комбо 3в1	3		10	1
543	2024-04-11 06:32:08.843439+00	525	Promo is Olivia, Стейк 50%	3		10	1
544	2024-04-11 06:32:08.844896+00	526	Promo is Olivia, dsfs	3		10	1
545	2024-04-11 06:32:08.846555+00	527	Promo is Olivia, 1+1=3	3		10	1
546	2024-04-11 06:32:08.847755+00	528	Promo is Olivia, Счастливые часы	3		10	1
547	2024-04-11 06:32:08.849436+00	529	Promo is Olivia, Комбо 3в1	3		10	1
548	2024-04-11 06:32:08.850823+00	530	Promo is Olivia, Стейк 50%	3		10	1
549	2024-04-11 06:32:08.852047+00	531	Promo is Olivia, dsfs	3		10	1
550	2024-04-11 06:32:08.853304+00	532	Promo is Olivia, 1+1=3	3		10	1
551	2024-04-11 06:32:08.854663+00	533	Promo is Olivia, Счастливые часы	3		10	1
552	2024-04-11 06:32:08.856079+00	534	Promo is Olivia, Комбо 3в1	3		10	1
553	2024-04-11 06:32:08.857641+00	535	Promo is Olivia, dsfs	3		10	1
554	2024-04-11 06:32:08.85893+00	536	Promo is Olivia, Стейк 50%	3		10	1
555	2024-04-11 06:32:08.860489+00	537	Promo is Olivia, 1+1=3	3		10	1
556	2024-04-11 06:32:08.861739+00	538	Promo is Olivia, Счастливые часы	3		10	1
557	2024-04-11 06:32:08.863124+00	539	Promo is Olivia, Комбо 3в1	3		10	1
558	2024-04-11 06:32:08.864531+00	540	Promo is Olivia, Стейк 50%	3		10	1
559	2024-04-11 06:32:08.866021+00	541	Promo is Olivia, dsfs	3		10	1
560	2024-04-11 06:32:08.867309+00	542	Promo is Olivia, 1+1=3	3		10	1
561	2024-04-11 06:32:08.86881+00	543	Promo is Olivia, Счастливые часы	3		10	1
562	2024-04-11 06:32:08.870034+00	544	Promo is Olivia, Комбо 3в1	3		10	1
563	2024-04-11 06:32:08.871196+00	545	Promo is Olivia, Стейк 50%	3		10	1
564	2024-04-11 06:32:08.872508+00	546	Promo is Olivia, dsfs	3		10	1
565	2024-04-11 06:32:08.873986+00	547	Promo is Olivia, 1+1=3	3		10	1
566	2024-04-11 06:32:08.875223+00	548	Promo is Olivia, Счастливые часы	3		10	1
567	2024-04-11 06:32:08.876623+00	549	Promo is Olivia, Комбо 3в1	3		10	1
568	2024-04-11 06:32:08.877857+00	550	Promo is Olivia, Стейк 50%	3		10	1
569	2024-04-11 06:32:08.879371+00	551	Promo is Olivia, dsfs	3		10	1
570	2024-04-11 06:32:08.880665+00	552	Promo is Olivia, 1+1=3	3		10	1
571	2024-04-11 06:32:08.881998+00	553	Promo is Olivia, Счастливые часы	3		10	1
572	2024-04-11 06:32:08.883364+00	554	Promo is Olivia, Стейк 50%	3		10	1
573	2024-04-11 06:32:08.884856+00	555	Promo is Olivia, Комбо 3в1	3		10	1
574	2024-04-11 06:32:08.8861+00	556	Promo is Olivia, dsfs	3		10	1
575	2024-04-11 06:32:08.8873+00	557	Promo is Olivia, 1+1=3	3		10	1
576	2024-04-11 06:32:08.888598+00	558	Promo is Olivia, Счастливые часы	3		10	1
577	2024-04-11 06:32:08.89+00	559	Promo is Olivia, Комбо 3в1	3		10	1
578	2024-04-11 06:32:08.891404+00	560	Promo is Olivia, Стейк 50%	3		10	1
579	2024-04-11 06:32:08.892782+00	561	Promo is Olivia, dsfs	3		10	1
580	2024-04-11 06:32:08.894169+00	562	Promo is Olivia, 1+1=3	3		10	1
581	2024-04-11 06:32:08.895459+00	563	Promo is Olivia, Счастливые часы	3		10	1
582	2024-04-11 06:32:08.897026+00	564	Promo is Olivia, Комбо 3в1	3		10	1
583	2024-04-11 06:32:08.898216+00	565	Promo is Olivia, Стейк 50%	3		10	1
584	2024-04-11 06:32:08.899574+00	566	Promo is Olivia, dsfs	3		10	1
585	2024-04-11 06:32:08.901034+00	567	Promo is Olivia, 1+1=3	3		10	1
586	2024-04-11 06:32:08.902918+00	568	Promo is Olivia, Счастливые часы	3		10	1
587	2024-04-11 06:32:08.904185+00	569	Promo is Olivia, Комбо 3в1	3		10	1
588	2024-04-11 06:32:08.905618+00	570	Promo is Olivia, dsfs	3		10	1
589	2024-04-11 06:32:08.906852+00	571	Promo is Olivia, Стейк 50%	3		10	1
590	2024-04-11 06:32:08.908053+00	572	Promo is Olivia, 1+1=3	3		10	1
591	2024-04-11 06:32:08.909294+00	573	Promo is Olivia, Счастливые часы	3		10	1
592	2024-04-11 06:32:08.910546+00	574	Promo is Olivia, Комбо 3в1	3		10	1
593	2024-04-11 06:32:08.911939+00	575	Promo is Olivia, Стейк 50%	3		10	1
594	2024-04-11 06:32:08.913173+00	576	Promo is Olivia, dsfs	3		10	1
595	2024-04-11 06:32:08.914371+00	577	Promo is Olivia, 1+1=3	3		10	1
596	2024-04-11 06:32:08.915771+00	578	Promo is Olivia, Счастливые часы	3		10	1
597	2024-04-11 06:32:08.917368+00	579	Promo is Olivia, Комбо 3в1	3		10	1
598	2024-04-11 06:32:08.91883+00	580	Promo is Olivia, Стейк 50%	3		10	1
599	2024-04-11 06:32:08.920116+00	581	Promo is Olivia, dsfs	3		10	1
600	2024-04-11 06:32:08.921333+00	582	Promo is Olivia, 1+1=3	3		10	1
601	2024-04-11 06:32:08.922507+00	583	Promo is Olivia, Счастливые часы	3		10	1
602	2024-04-11 06:32:08.923812+00	584	Promo is Olivia, Комбо 3в1	3		10	1
603	2024-04-11 06:32:08.924968+00	585	Promo is Olivia, Стейк 50%	3		10	1
604	2024-04-11 06:32:08.926397+00	586	Promo is Olivia, dsfs	3		10	1
605	2024-04-11 06:32:23.366569+00	587	Promo is Olivia, 1+1=3	3		10	1
606	2024-04-11 06:32:23.369006+00	588	Promo is Olivia, Счастливые часы	3		10	1
607	2024-04-11 06:32:23.370653+00	589	Promo is Olivia, Комбо 3в1	3		10	1
608	2024-04-11 06:32:23.372354+00	590	Promo is Olivia, Стейк 50%	3		10	1
609	2024-04-11 06:32:23.373913+00	591	Promo is Olivia, dsfs	3		10	1
610	2024-04-11 06:32:23.375711+00	592	Promo is Olivia, 1+1=3	3		10	1
611	2024-04-11 06:32:23.377229+00	593	Promo is Olivia, Счастливые часы	3		10	1
612	2024-04-11 06:32:23.378818+00	594	Promo is Olivia, Комбо 3в1	3		10	1
613	2024-04-11 06:32:23.380311+00	595	Promo is Olivia, Стейк 50%	3		10	1
614	2024-04-11 06:32:23.38197+00	596	Promo is Olivia, dsfs	3		10	1
615	2024-04-11 06:32:23.383276+00	597	Promo is Olivia, 1+1=3	3		10	1
616	2024-04-11 06:32:23.384949+00	598	Promo is Olivia, Счастливые часы	3		10	1
617	2024-04-11 06:32:23.386294+00	599	Promo is Olivia, Комбо 3в1	3		10	1
618	2024-04-11 06:32:23.388534+00	600	Promo is Olivia, Стейк 50%	3		10	1
619	2024-04-11 06:32:23.389875+00	601	Promo is Olivia, dsfs	3		10	1
620	2024-04-11 06:32:23.391413+00	602	Promo is Olivia, 1+1=3	3		10	1
621	2024-04-11 06:32:23.392774+00	603	Promo is Olivia, Счастливые часы	3		10	1
622	2024-04-11 06:32:23.394634+00	604	Promo is Olivia, Комбо 3в1	3		10	1
623	2024-04-11 06:32:23.395911+00	605	Promo is Olivia, Стейк 50%	3		10	1
624	2024-04-11 06:32:23.39738+00	606	Promo is Olivia, dsfs	3		10	1
625	2024-04-11 06:32:23.398667+00	607	Promo is Olivia, 1+1=3	3		10	1
626	2024-04-11 06:32:23.400292+00	608	Promo is Olivia, Счастливые часы	3		10	1
627	2024-04-11 06:32:23.401621+00	609	Promo is Olivia, Комбо 3в1	3		10	1
628	2024-04-11 06:32:23.403246+00	610	Promo is Olivia, Стейк 50%	3		10	1
629	2024-04-11 06:32:23.404485+00	611	Promo is Olivia, dsfs	3		10	1
630	2024-04-11 06:32:23.40607+00	612	Promo is Olivia, 1+1=3	3		10	1
631	2024-04-11 06:32:23.407557+00	613	Promo is Olivia, Счастливые часы	3		10	1
632	2024-04-11 06:32:23.409188+00	614	Promo is Olivia, Комбо 3в1	3		10	1
633	2024-04-11 06:32:23.410543+00	615	Promo is Olivia, Стейк 50%	3		10	1
634	2024-04-11 06:32:23.412178+00	616	Promo is Olivia, dsfs	3		10	1
635	2024-04-11 06:32:23.413743+00	617	Promo is Olivia, 1+1=3	3		10	1
636	2024-04-11 06:32:23.415269+00	618	Promo is Olivia, Счастливые часы	3		10	1
637	2024-04-11 06:32:23.416994+00	619	Promo is Olivia, Комбо 3в1	3		10	1
638	2024-04-11 06:32:23.418485+00	620	Promo is Olivia, Стейк 50%	3		10	1
639	2024-04-11 06:32:23.41986+00	621	Promo is Olivia, dsfs	3		10	1
640	2024-04-11 06:32:23.421288+00	622	Promo is Olivia, 1+1=3	3		10	1
641	2024-04-11 06:32:23.422722+00	623	Promo is Olivia, Счастливые часы	3		10	1
642	2024-04-11 06:32:23.424334+00	624	Promo is Olivia, Комбо 3в1	3		10	1
643	2024-04-11 06:32:23.42589+00	625	Promo is Olivia, Стейк 50%	3		10	1
644	2024-04-11 06:32:23.427407+00	626	Promo is Olivia, dsfs	3		10	1
645	2024-04-11 06:32:23.428832+00	627	Promo is Olivia, 1+1=3	3		10	1
646	2024-04-11 06:32:23.430222+00	628	Promo is Olivia, Счастливые часы	3		10	1
647	2024-04-11 06:32:23.431598+00	629	Promo is Olivia, Комбо 3в1	3		10	1
648	2024-04-11 06:32:23.433253+00	630	Promo is Olivia, Стейк 50%	3		10	1
649	2024-04-11 06:32:23.434667+00	631	Promo is Olivia, dsfs	3		10	1
650	2024-04-11 06:32:23.436097+00	632	Promo is Olivia, 1+1=3	3		10	1
651	2024-04-11 06:32:23.437652+00	633	Promo is Olivia, Счастливые часы	3		10	1
652	2024-04-11 06:32:23.438967+00	634	Promo is Olivia, Комбо 3в1	3		10	1
653	2024-04-11 06:32:23.440897+00	635	Promo is Olivia, Стейк 50%	3		10	1
654	2024-04-11 06:32:23.442318+00	636	Promo is Olivia, dsfs	3		10	1
655	2024-04-11 06:32:23.444031+00	637	Promo is Olivia, 1+1=3	3		10	1
656	2024-04-11 06:32:23.445549+00	638	Promo is Olivia, Счастливые часы	3		10	1
657	2024-04-11 06:32:23.446888+00	639	Promo is Olivia, Комбо 3в1	3		10	1
658	2024-04-11 06:32:23.448196+00	640	Promo is Olivia, Стейк 50%	3		10	1
659	2024-04-11 06:32:23.449649+00	641	Promo is Olivia, dsfs	3		10	1
660	2024-04-11 06:32:23.451199+00	642	Promo is Olivia, 1+1=3	3		10	1
661	2024-04-11 06:32:23.452776+00	643	Promo is Olivia, Счастливые часы	3		10	1
662	2024-04-11 06:32:23.454211+00	644	Promo is Olivia, Комбо 3в1	3		10	1
663	2024-04-11 06:32:23.455634+00	645	Promo is Olivia, Стейк 50%	3		10	1
664	2024-04-11 06:32:23.456975+00	646	Promo is Olivia, dsfs	3		10	1
665	2024-04-11 06:32:23.45842+00	647	Promo is Olivia, Счастливые часы	3		10	1
666	2024-04-11 06:32:23.459782+00	648	Promo is Olivia, 1+1=3	3		10	1
667	2024-04-11 06:32:23.461364+00	649	Promo is Olivia, Комбо 3в1	3		10	1
668	2024-04-11 06:32:23.462732+00	650	Promo is Olivia, Стейк 50%	3		10	1
669	2024-04-11 06:32:23.464318+00	651	Promo is Olivia, dsfs	3		10	1
670	2024-04-11 06:32:23.465943+00	652	Promo is Olivia, 1+1=3	3		10	1
671	2024-04-11 06:32:23.467636+00	653	Promo is Olivia, Комбо 3в1	3		10	1
672	2024-04-11 06:32:23.468967+00	654	Promo is Olivia, Счастливые часы	3		10	1
673	2024-04-11 06:32:23.470228+00	655	Promo is Olivia, Стейк 50%	3		10	1
674	2024-04-11 06:32:23.471837+00	656	Promo is Olivia, dsfs	3		10	1
675	2024-04-11 06:32:23.473396+00	657	Promo is Olivia, 1+1=3	3		10	1
676	2024-04-11 06:32:23.474719+00	658	Promo is Olivia, Счастливые часы	3		10	1
677	2024-04-11 06:32:23.476135+00	659	Promo is Olivia, Комбо 3в1	3		10	1
678	2024-04-11 06:32:23.477503+00	660	Promo is Olivia, Стейк 50%	3		10	1
679	2024-04-11 06:32:23.478853+00	661	Promo is Olivia, dsfs	3		10	1
680	2024-04-11 06:32:23.480413+00	662	Promo is Olivia, 1+1=3	3		10	1
681	2024-04-11 06:32:23.482043+00	663	Promo is Olivia, Счастливые часы	3		10	1
682	2024-04-11 06:32:23.483612+00	664	Promo is Olivia, Комбо 3в1	3		10	1
683	2024-04-11 06:32:23.485391+00	665	Promo is Olivia, Стейк 50%	3		10	1
684	2024-04-11 06:32:23.486891+00	666	Promo is Olivia, dsfs	3		10	1
685	2024-04-11 06:32:23.488539+00	667	Promo is Olivia, 1+1=3	3		10	1
686	2024-04-11 06:32:23.489988+00	668	Promo is Olivia, Счастливые часы	3		10	1
687	2024-04-11 06:32:23.491656+00	669	Promo is Olivia, Комбо 3в1	3		10	1
688	2024-04-11 06:32:23.493369+00	670	Promo is Olivia, Стейк 50%	3		10	1
689	2024-04-11 06:32:23.495026+00	671	Promo is Olivia, dsfs	3		10	1
690	2024-04-11 06:32:23.497061+00	672	Promo is Olivia, 1+1=3	3		10	1
691	2024-04-11 06:32:23.498502+00	673	Promo is Olivia, Счастливые часы	3		10	1
692	2024-04-11 06:32:23.500008+00	674	Promo is Olivia, Комбо 3в1	3		10	1
693	2024-04-11 06:32:23.501527+00	675	Promo is Olivia, Стейк 50%	3		10	1
694	2024-04-11 06:32:23.50293+00	676	Promo is Olivia, dsfs	3		10	1
695	2024-04-11 06:32:23.504403+00	677	Promo is Olivia, 1+1=3	3		10	1
696	2024-04-11 06:32:23.505889+00	678	Promo is Olivia, Счастливые часы	3		10	1
697	2024-04-11 06:32:23.507538+00	679	Promo is Olivia, Комбо 3в1	3		10	1
698	2024-04-11 06:32:23.509471+00	680	Promo is Olivia, Стейк 50%	3		10	1
699	2024-04-11 06:32:23.51091+00	681	Promo is Olivia, dsfs	3		10	1
700	2024-04-11 06:32:23.512432+00	682	Promo is Olivia, 1+1=3	3		10	1
701	2024-04-11 06:32:44.688771+00	683	Promo is Olivia, Счастливые часы	3		10	1
702	2024-04-11 06:32:44.691233+00	684	Promo is Olivia, Комбо 3в1	3		10	1
703	2024-04-11 06:32:44.692902+00	685	Promo is Olivia, Стейк 50%	3		10	1
704	2024-04-11 06:32:44.694471+00	686	Promo is Olivia, dsfs	3		10	1
705	2024-04-11 06:32:44.696043+00	687	Promo is Olivia, 1+1=3	3		10	1
706	2024-04-11 06:32:44.69752+00	688	Promo is Olivia, Счастливые часы	3		10	1
707	2024-04-11 06:32:44.699204+00	689	Promo is Olivia, Комбо 3в1	3		10	1
708	2024-04-11 06:32:44.700935+00	690	Promo is Olivia, Стейк 50%	3		10	1
709	2024-04-11 06:32:44.702518+00	691	Promo is Olivia, dsfs	3		10	1
710	2024-04-11 06:32:44.704111+00	692	Promo is Olivia, 1+1=3	3		10	1
711	2024-04-11 06:32:44.705799+00	693	Promo is Olivia, Счастливые часы	3		10	1
712	2024-04-11 06:32:44.707331+00	694	Promo is Olivia, Комбо 3в1	3		10	1
713	2024-04-11 06:32:44.708616+00	695	Promo is Olivia, Стейк 50%	3		10	1
714	2024-04-11 06:32:44.710087+00	696	Promo is Olivia, dsfs	3		10	1
715	2024-04-11 06:32:44.711552+00	697	Promo is Olivia, 1+1=3	3		10	1
716	2024-04-11 06:32:44.712929+00	698	Promo is Olivia, Счастливые часы	3		10	1
717	2024-04-11 06:32:44.714192+00	699	Promo is Olivia, Стейк 50%	3		10	1
718	2024-04-11 06:32:44.715715+00	700	Promo is Olivia, Комбо 3в1	3		10	1
719	2024-04-11 06:32:44.717227+00	701	Promo is Olivia, 1+1=3	3		10	1
720	2024-04-11 06:32:44.718638+00	702	Promo is Olivia, dsfs	3		10	1
721	2024-04-11 06:32:44.720154+00	703	Promo is Olivia, Счастливые часы	3		10	1
722	2024-04-11 06:32:44.721747+00	704	Promo is Olivia, Комбо 3в1	3		10	1
723	2024-04-11 06:32:44.723294+00	705	Promo is Olivia, Стейк 50%	3		10	1
724	2024-04-11 06:32:44.724731+00	706	Promo is Olivia, dsfs	3		10	1
725	2024-04-11 06:32:44.726023+00	707	Promo is Olivia, 1+1=3	3		10	1
726	2024-04-11 06:32:44.727254+00	708	Promo is Olivia, Счастливые часы	3		10	1
727	2024-04-11 06:32:44.728667+00	709	Promo is Olivia, Комбо 3в1	3		10	1
728	2024-04-11 06:32:44.730135+00	710	Promo is Olivia, Стейк 50%	3		10	1
729	2024-04-11 06:32:44.731807+00	711	Promo is Olivia, 1+1=3	3		10	1
730	2024-04-11 06:32:44.733179+00	712	Promo is Olivia, dsfs	3		10	1
731	2024-04-11 06:32:44.734937+00	713	Promo is Olivia, Счастливые часы	3		10	1
732	2024-04-11 06:32:44.736395+00	714	Promo is Olivia, Комбо 3в1	3		10	1
733	2024-04-11 06:32:44.738371+00	715	Promo is Olivia, dsfs	3		10	1
734	2024-04-11 06:32:44.739811+00	716	Promo is Olivia, Стейк 50%	3		10	1
735	2024-04-11 06:32:44.741781+00	717	Promo is Olivia, 1+1=3	3		10	1
736	2024-04-11 06:32:44.743126+00	718	Promo is Olivia, Счастливые часы	3		10	1
737	2024-04-11 06:32:44.744703+00	719	Promo is Olivia, Комбо 3в1	3		10	1
738	2024-04-11 06:32:44.745994+00	720	Promo is Olivia, Стейк 50%	3		10	1
739	2024-04-11 06:32:44.747605+00	721	Promo is Olivia, 1+1=3	3		10	1
740	2024-04-11 06:32:44.74918+00	722	Promo is Olivia, dsfs	3		10	1
741	2024-04-11 06:32:44.750598+00	723	Promo is Olivia, Счастливые часы	3		10	1
742	2024-04-11 06:32:44.752021+00	724	Promo is Olivia, Комбо 3в1	3		10	1
743	2024-04-11 06:32:44.753538+00	725	Promo is Olivia, Стейк 50%	3		10	1
744	2024-04-11 06:32:44.75485+00	726	Promo is Olivia, dsfs	3		10	1
745	2024-04-11 06:32:44.757479+00	727	Promo is Olivia, Счастливые часы	3		10	1
746	2024-04-11 06:32:44.758798+00	728	Promo is Olivia, 1+1=3	3		10	1
747	2024-04-11 06:32:44.7604+00	729	Promo is Olivia, Комбо 3в1	3		10	1
748	2024-04-11 06:32:44.761884+00	730	Promo is Olivia, dsfs	3		10	1
749	2024-04-11 06:32:44.763277+00	731	Promo is Olivia, Стейк 50%	3		10	1
750	2024-04-11 06:32:44.764653+00	732	Promo is Olivia, 1+1=3	3		10	1
751	2024-04-11 06:32:44.766041+00	733	Promo is Olivia, Счастливые часы	3		10	1
752	2024-04-11 06:32:44.767595+00	734	Promo is Olivia, Комбо 3в1	3		10	1
753	2024-04-11 06:32:44.76895+00	735	Promo is Olivia, Стейк 50%	3		10	1
754	2024-04-11 06:32:44.770383+00	736	Promo is Olivia, dsfs	3		10	1
755	2024-04-11 06:32:44.771979+00	737	Promo is Olivia, 1+1=3	3		10	1
756	2024-04-11 06:32:44.773892+00	738	Promo is Olivia, Счастливые часы	3		10	1
757	2024-04-11 06:32:44.775677+00	739	Promo is Olivia, Комбо 3в1	3		10	1
758	2024-04-11 06:32:44.777139+00	740	Promo is Olivia, Стейк 50%	3		10	1
759	2024-04-11 06:32:44.778507+00	741	Promo is Olivia, dsfs	3		10	1
760	2024-04-11 06:32:44.780078+00	742	Promo is Olivia, 1+1=3	3		10	1
761	2024-04-11 06:32:44.781378+00	743	Promo is Olivia, Счастливые часы	3		10	1
762	2024-04-11 06:32:44.783093+00	744	Promo is Olivia, Комбо 3в1	3		10	1
763	2024-04-11 06:32:44.784589+00	745	Promo is Olivia, Стейк 50%	3		10	1
764	2024-04-11 06:32:44.786161+00	746	Promo is Olivia, dsfs	3		10	1
765	2024-04-11 06:32:44.787551+00	747	Promo is Olivia, 1+1=3	3		10	1
766	2024-04-11 06:32:44.789145+00	748	Promo is Olivia, Счастливые часы	3		10	1
767	2024-04-11 06:32:44.790638+00	749	Promo is Olivia, Комбо 3в1	3		10	1
768	2024-04-11 06:32:44.79198+00	750	Promo is Olivia, Стейк 50%	3		10	1
769	2024-04-11 06:32:44.793453+00	751	Promo is Olivia, dsfs	3		10	1
770	2024-04-11 06:32:44.795073+00	752	Promo is Olivia, 1+1=3	3		10	1
771	2024-04-11 06:32:44.796601+00	753	Promo is Olivia, Счастливые часы	3		10	1
772	2024-04-11 06:32:44.798107+00	754	Promo is Olivia, Стейк 50%	3		10	1
773	2024-04-11 06:32:44.799656+00	755	Promo is Olivia, Комбо 3в1	3		10	1
774	2024-04-11 06:32:44.801031+00	756	Promo is Olivia, dsfs	3		10	1
775	2024-04-11 06:32:44.80267+00	757	Promo is Olivia, 1+1=3	3		10	1
776	2024-04-11 06:32:44.804298+00	758	Promo is Olivia, Счастливые часы	3		10	1
777	2024-04-11 06:32:44.805623+00	759	Promo is Olivia, Комбо 3в1	3		10	1
778	2024-04-11 06:32:44.807352+00	760	Promo is Olivia, Стейк 50%	3		10	1
779	2024-04-11 06:32:44.808687+00	761	Promo is Olivia, dsfs	3		10	1
780	2024-04-11 06:32:44.810265+00	762	Promo is Olivia, 1+1=3	3		10	1
781	2024-04-11 06:32:44.811685+00	763	Promo is Olivia, Счастливые часы	3		10	1
782	2024-04-11 06:32:44.813127+00	764	Promo is Olivia, Стейк 50%	3		10	1
783	2024-04-11 06:32:44.814647+00	765	Promo is Olivia, Комбо 3в1	3		10	1
784	2024-04-11 06:32:44.816063+00	766	Promo is Olivia, 1+1=3	3		10	1
785	2024-04-11 06:32:44.817415+00	767	Promo is Olivia, Счастливые часы	3		10	1
786	2024-04-11 06:32:44.818871+00	768	Promo is Olivia, dsfs	3		10	1
787	2024-04-11 06:32:44.820418+00	769	Promo is Olivia, Комбо 3в1	3		10	1
788	2024-04-11 06:32:44.821897+00	770	Promo is Olivia, Стейк 50%	3		10	1
789	2024-04-11 06:32:44.82341+00	771	Promo is Olivia, dsfs	3		10	1
790	2024-04-11 06:32:44.82472+00	772	Promo is Olivia, 1+1=3	3		10	1
791	2024-04-11 06:32:44.826078+00	773	Promo is Olivia, Счастливые часы	3		10	1
792	2024-04-11 06:32:44.82778+00	774	Promo is Olivia, Комбо 3в1	3		10	1
793	2024-04-11 06:32:44.829154+00	775	Promo is Olivia, Стейк 50%	3		10	1
794	2024-04-11 06:32:44.830556+00	776	Promo is Olivia, dsfs	3		10	1
795	2024-04-11 06:32:44.832153+00	777	Promo is Olivia, 1+1=3	3		10	1
796	2024-04-11 06:32:44.833653+00	778	Promo is Olivia, Счастливые часы	3		10	1
797	2024-04-11 06:32:58.39078+00	779	Promo is Olivia, Комбо 3в1	3		10	1
798	2024-04-11 06:32:58.393437+00	780	Promo is Olivia, Стейк 50%	3		10	1
799	2024-04-11 06:32:58.395317+00	781	Promo is Olivia, dsfs	3		10	1
800	2024-04-11 06:32:58.396751+00	782	Promo is Olivia, Счастливые часы	3		10	1
801	2024-04-11 06:32:58.398303+00	783	Promo is Olivia, 1+1=3	3		10	1
802	2024-04-11 06:32:58.399849+00	784	Promo is Olivia, Комбо 3в1	3		10	1
803	2024-04-11 06:32:58.401636+00	785	Promo is Olivia, dsfs	3		10	1
804	2024-04-11 06:32:58.403086+00	786	Promo is Olivia, Стейк 50%	3		10	1
805	2024-04-11 06:32:58.404609+00	787	Promo is Olivia, 1+1=3	3		10	1
806	2024-04-11 06:32:58.405933+00	788	Promo is Olivia, Комбо 3в1	3		10	1
807	2024-04-11 06:32:58.407231+00	789	Promo is Olivia, Счастливые часы	3		10	1
808	2024-04-11 06:32:58.408616+00	790	Promo is Olivia, Стейк 50%	3		10	1
809	2024-04-11 06:32:58.410172+00	791	Promo is Olivia, 1+1=3	3		10	1
810	2024-04-11 06:32:58.411744+00	792	Promo is Olivia, dsfs	3		10	1
811	2024-04-11 06:32:58.412965+00	793	Promo is Olivia, Счастливые часы	3		10	1
812	2024-04-11 06:32:58.414454+00	794	Promo is Olivia, Комбо 3в1	3		10	1
813	2024-04-11 06:32:58.416042+00	795	Promo is Olivia, Стейк 50%	3		10	1
814	2024-04-11 06:32:58.417577+00	796	Promo is Olivia, dsfs	3		10	1
815	2024-04-11 06:32:58.419241+00	797	Promo is Olivia, Счастливые часы	3		10	1
816	2024-04-11 06:32:58.42057+00	798	Promo is Olivia, 1+1=3	3		10	1
817	2024-04-11 06:32:58.421977+00	799	Promo is Olivia, Комбо 3в1	3		10	1
818	2024-04-11 06:32:58.423409+00	800	Promo is Olivia, Стейк 50%	3		10	1
819	2024-04-11 06:32:58.424762+00	801	Promo is Olivia, dsfs	3		10	1
820	2024-04-11 06:32:58.426245+00	802	Promo is Olivia, 1+1=3	3		10	1
821	2024-04-11 06:32:58.427708+00	803	Promo is Olivia, Комбо 3в1	3		10	1
822	2024-04-11 06:32:58.429208+00	804	Promo is Olivia, Счастливые часы	3		10	1
823	2024-04-11 06:32:58.430512+00	805	Promo is Olivia, Стейк 50%	3		10	1
824	2024-04-11 06:32:58.431973+00	806	Promo is Olivia, dsfs	3		10	1
825	2024-04-11 06:32:58.433495+00	807	Promo is Olivia, 1+1=3	3		10	1
826	2024-04-11 06:32:58.435058+00	808	Promo is Olivia, Счастливые часы	3		10	1
827	2024-04-11 06:32:58.436537+00	809	Promo is Olivia, Комбо 3в1	3		10	1
828	2024-04-11 06:32:58.437813+00	810	Promo is Olivia, Стейк 50%	3		10	1
829	2024-04-11 06:32:58.439334+00	811	Promo is Olivia, dsfs	3		10	1
830	2024-04-11 06:32:58.440956+00	812	Promo is Olivia, 1+1=3	3		10	1
831	2024-04-11 06:32:58.44244+00	813	Promo is Olivia, Счастливые часы	3		10	1
832	2024-04-11 06:32:58.443963+00	814	Promo is Olivia, Комбо 3в1	3		10	1
833	2024-04-11 06:32:58.446212+00	815	Promo is Olivia, Стейк 50%	3		10	1
834	2024-04-11 06:32:58.4476+00	816	Promo is Olivia, dsfs	3		10	1
835	2024-04-11 06:32:58.448831+00	817	Promo is Olivia, 1+1=3	3		10	1
836	2024-04-11 06:32:58.450258+00	818	Promo is Olivia, Счастливые часы	3		10	1
837	2024-04-11 06:32:58.451669+00	819	Promo is Olivia, Комбо 3в1	3		10	1
838	2024-04-11 06:32:58.453072+00	820	Promo is Olivia, Стейк 50%	3		10	1
839	2024-04-11 06:32:58.454482+00	821	Promo is Olivia, dsfs	3		10	1
840	2024-04-11 06:32:58.455655+00	822	Promo is Olivia, 1+1=3	3		10	1
841	2024-04-11 06:32:58.457073+00	823	Promo is Olivia, Счастливые часы	3		10	1
842	2024-04-11 06:32:58.458508+00	824	Promo is Olivia, Комбо 3в1	3		10	1
843	2024-04-11 06:32:58.460055+00	825	Promo is Olivia, Стейк 50%	3		10	1
844	2024-04-11 06:32:58.461363+00	826	Promo is Olivia, dsfs	3		10	1
845	2024-04-11 06:32:58.462731+00	827	Promo is Olivia, 1+1=3	3		10	1
846	2024-04-11 06:32:58.464362+00	828	Promo is Olivia, Счастливые часы	3		10	1
847	2024-04-11 06:32:58.465769+00	829	Promo is Olivia, Комбо 3в1	3		10	1
848	2024-04-11 06:32:58.467129+00	830	Promo is Olivia, Стейк 50%	3		10	1
849	2024-04-11 06:32:58.468694+00	831	Promo is Olivia, dsfs	3		10	1
850	2024-04-11 06:32:58.469948+00	832	Promo is Olivia, 1+1=3	3		10	1
851	2024-04-11 06:32:58.471243+00	833	Promo is Olivia, Счастливые часы	3		10	1
852	2024-04-11 06:32:58.472706+00	834	Promo is Olivia, Комбо 3в1	3		10	1
853	2024-04-11 06:32:58.473976+00	835	Promo is Olivia, Стейк 50%	3		10	1
854	2024-04-11 06:32:58.475382+00	836	Promo is Olivia, dsfs	3		10	1
855	2024-04-11 06:32:58.477153+00	837	Promo is Olivia, 1+1=3	3		10	1
856	2024-04-11 06:32:58.478619+00	838	Promo is Olivia, Счастливые часы	3		10	1
857	2024-04-11 06:32:58.479916+00	839	Promo is Olivia, Комбо 3в1	3		10	1
858	2024-04-11 06:32:58.481458+00	840	Promo is Olivia, Стейк 50%	3		10	1
859	2024-04-11 06:32:58.482982+00	841	Promo is Olivia, dsfs	3		10	1
860	2024-04-11 06:32:58.484613+00	842	Promo is Olivia, 1+1=3	3		10	1
861	2024-04-11 06:32:58.4861+00	843	Promo is Olivia, Счастливые часы	3		10	1
862	2024-04-11 06:32:58.487597+00	844	Promo is Olivia, Комбо 3в1	3		10	1
863	2024-04-11 06:32:58.489183+00	845	Promo is Olivia, Стейк 50%	3		10	1
864	2024-04-11 06:32:58.490469+00	846	Promo is Olivia, dsfs	3		10	1
865	2024-04-11 06:32:58.491828+00	847	Promo is Olivia, 1+1=3	3		10	1
866	2024-04-11 06:32:58.49322+00	848	Promo is Olivia, Счастливые часы	3		10	1
867	2024-04-11 06:32:58.49448+00	849	Promo is Olivia, Комбо 3в1	3		10	1
868	2024-04-11 06:32:58.495897+00	850	Promo is Olivia, Стейк 50%	3		10	1
869	2024-04-11 06:32:58.497101+00	851	Promo is Olivia, dsfs	3		10	1
870	2024-04-11 06:32:58.498512+00	852	Promo is Olivia, 1+1=3	3		10	1
871	2024-04-11 06:32:58.500297+00	853	Promo is Olivia, Счастливые часы	3		10	1
872	2024-04-11 06:32:58.501698+00	854	Promo is Olivia, Комбо 3в1	3		10	1
873	2024-04-11 06:32:58.50297+00	855	Promo is Olivia, Стейк 50%	3		10	1
874	2024-04-11 06:32:58.504248+00	856	Promo is Olivia, dsfs	3		10	1
875	2024-04-11 06:32:58.505669+00	857	Promo is Olivia, 1+1=3	3		10	1
876	2024-04-11 06:32:58.507231+00	858	Promo is Olivia, Счастливые часы	3		10	1
877	2024-04-11 06:32:58.508682+00	859	Promo is Olivia, Комбо 3в1	3		10	1
878	2024-04-11 06:32:58.510111+00	860	Promo is Olivia, Стейк 50%	3		10	1
879	2024-04-11 06:32:58.511646+00	861	Promo is Olivia, dsfs	3		10	1
880	2024-04-11 06:32:58.513254+00	862	Promo is Olivia, 1+1=3	3		10	1
881	2024-04-11 06:32:58.515139+00	863	Promo is Olivia, Счастливые часы	3		10	1
882	2024-04-11 06:32:58.516445+00	864	Promo is Olivia, Комбо 3в1	3		10	1
883	2024-04-11 06:32:58.517865+00	865	Promo is Olivia, Стейк 50%	3		10	1
884	2024-04-11 06:32:58.519184+00	866	Promo is Olivia, dsfs	3		10	1
885	2024-04-11 06:32:58.520452+00	867	Promo is Olivia, 1+1=3	3		10	1
886	2024-04-11 06:32:58.521815+00	868	Promo is Olivia, Счастливые часы	3		10	1
887	2024-04-11 06:32:58.523268+00	869	Promo is Olivia, Комбо 3в1	3		10	1
888	2024-04-11 06:32:58.524832+00	870	Promo is Olivia, Стейк 50%	3		10	1
889	2024-04-11 06:32:58.526241+00	871	Promo is Olivia, dsfs	3		10	1
890	2024-04-11 06:32:58.527577+00	872	Promo is Olivia, 1+1=3	3		10	1
891	2024-04-11 06:32:58.528833+00	873	Promo is Olivia, Счастливые часы	3		10	1
892	2024-04-11 06:32:58.530449+00	874	Promo is Olivia, Комбо 3в1	3		10	1
893	2024-04-11 06:33:10.425093+00	875	Promo is Olivia, Стейк 50%	3		10	1
894	2024-04-11 06:33:10.427941+00	876	Promo is Olivia, dsfs	3		10	1
895	2024-04-11 06:33:10.429575+00	877	Promo is Olivia, 1+1=3	3		10	1
896	2024-04-11 06:33:10.431368+00	878	Promo is Olivia, Счастливые часы	3		10	1
897	2024-04-11 06:33:10.432978+00	879	Promo is Olivia, Комбо 3в1	3		10	1
898	2024-04-11 06:33:10.43497+00	880	Promo is Olivia, Стейк 50%	3		10	1
899	2024-04-11 06:33:10.436416+00	881	Promo is Olivia, dsfs	3		10	1
900	2024-04-11 06:33:10.438304+00	882	Promo is Olivia, 1+1=3	3		10	1
901	2024-04-11 06:33:10.440297+00	883	Promo is Olivia, Счастливые часы	3		10	1
902	2024-04-11 06:33:10.441656+00	884	Promo is Olivia, Комбо 3в1	3		10	1
903	2024-04-11 06:33:10.443154+00	885	Promo is Olivia, Стейк 50%	3		10	1
904	2024-04-11 06:33:10.444553+00	886	Promo is Olivia, dsfs	3		10	1
905	2024-04-11 06:33:10.446028+00	887	Promo is Olivia, 1+1=3	3		10	1
906	2024-04-11 06:33:10.44748+00	888	Promo is Olivia, Счастливые часы	3		10	1
907	2024-04-11 06:33:10.449517+00	889	Promo is Olivia, Комбо 3в1	3		10	1
908	2024-04-11 06:33:10.45101+00	890	Promo is Olivia, Стейк 50%	3		10	1
909	2024-04-11 06:33:10.452466+00	891	Promo is Olivia, dsfs	3		10	1
910	2024-04-11 06:33:10.453783+00	892	Promo is Olivia, 1+1=3	3		10	1
911	2024-04-11 06:33:10.455264+00	893	Promo is Olivia, Счастливые часы	3		10	1
912	2024-04-11 06:33:10.456857+00	894	Promo is Olivia, Комбо 3в1	3		10	1
913	2024-04-11 06:33:10.458643+00	895	Promo is Olivia, Стейк 50%	3		10	1
914	2024-04-11 06:33:10.460158+00	896	Promo is Olivia, dsfs	3		10	1
915	2024-04-11 06:33:10.461606+00	897	Promo is Olivia, 1+1=3	3		10	1
916	2024-04-11 06:33:10.463076+00	898	Promo is Olivia, Счастливые часы	3		10	1
917	2024-04-11 06:33:10.464887+00	899	Promo is Olivia, Комбо 3в1	3		10	1
918	2024-04-11 06:33:10.466295+00	900	Promo is Olivia, Стейк 50%	3		10	1
919	2024-04-11 06:33:10.46768+00	901	Promo is Olivia, dsfs	3		10	1
920	2024-04-11 06:33:10.469248+00	902	Promo is Olivia, 1+1=3	3		10	1
921	2024-04-11 06:33:10.4707+00	903	Promo is Olivia, Счастливые часы	3		10	1
922	2024-04-11 06:33:10.472513+00	904	Promo is Olivia, Комбо 3в1	3		10	1
923	2024-04-11 06:33:10.473959+00	905	Promo is Olivia, Стейк 50%	3		10	1
924	2024-04-11 06:33:10.475578+00	906	Promo is Olivia, dsfs	3		10	1
925	2024-04-11 06:33:10.476917+00	907	Promo is Olivia, 1+1=3	3		10	1
926	2024-04-11 06:33:10.47898+00	908	Promo is Olivia, Счастливые часы	3		10	1
927	2024-04-11 06:33:10.480501+00	909	Promo is Olivia, Комбо 3в1	3		10	1
928	2024-04-11 06:33:10.482184+00	910	Promo is Olivia, Стейк 50%	3		10	1
929	2024-04-11 06:33:10.483626+00	911	Promo is Olivia, dsfs	3		10	1
930	2024-04-11 06:33:10.485678+00	912	Promo is Olivia, 1+1=3	3		10	1
931	2024-04-11 06:33:10.487152+00	913	Promo is Olivia, Счастливые часы	3		10	1
932	2024-04-11 06:33:10.488744+00	914	Promo is Olivia, Комбо 3в1	3		10	1
933	2024-04-11 06:33:10.490232+00	915	Promo is Olivia, Стейк 50%	3		10	1
934	2024-04-11 06:33:10.491643+00	916	Promo is Olivia, dsfs	3		10	1
935	2024-04-11 06:33:10.49335+00	917	Promo is Olivia, 1+1=3	3		10	1
936	2024-04-11 06:33:10.494755+00	918	Promo is Olivia, Счастливые часы	3		10	1
937	2024-04-11 06:33:10.496673+00	919	Promo is Olivia, Комбо 3в1	3		10	1
938	2024-04-11 06:33:10.498127+00	920	Promo is Olivia, Стейк 50%	3		10	1
939	2024-04-11 06:33:10.499624+00	921	Promo is Olivia, dsfs	3		10	1
940	2024-04-11 06:33:10.501416+00	922	Promo is Olivia, 1+1=3	3		10	1
941	2024-04-11 06:33:10.503341+00	923	Promo is Olivia, Счастливые часы	3		10	1
942	2024-04-11 06:33:10.504751+00	924	Promo is Olivia, Комбо 3в1	3		10	1
943	2024-04-11 06:33:10.506123+00	925	Promo is Olivia, Стейк 50%	3		10	1
944	2024-04-11 06:33:10.507626+00	926	Promo is Olivia, dsfs	3		10	1
945	2024-04-11 06:33:10.509667+00	927	Promo is Olivia, 1+1=3	3		10	1
946	2024-04-11 06:33:10.511155+00	928	Promo is Olivia, Счастливые часы	3		10	1
947	2024-04-11 06:33:10.512973+00	929	Promo is Olivia, Комбо 3в1	3		10	1
948	2024-04-11 06:33:10.514383+00	930	Promo is Olivia, Стейк 50%	3		10	1
949	2024-04-11 06:33:10.516032+00	931	Promo is Olivia, dsfs	3		10	1
950	2024-04-11 06:33:10.517409+00	932	Promo is Olivia, 1+1=3	3		10	1
951	2024-04-11 06:33:10.518984+00	933	Promo is Olivia, Счастливые часы	3		10	1
952	2024-04-11 06:33:10.520826+00	934	Promo is Olivia, Комбо 3в1	3		10	1
953	2024-04-11 06:33:10.522679+00	935	Promo is Olivia, Стейк 50%	3		10	1
954	2024-04-11 06:33:10.524438+00	936	Promo is Olivia, dsfs	3		10	1
955	2024-04-11 06:33:10.526344+00	937	Promo is Olivia, 1+1=3	3		10	1
956	2024-04-11 06:33:10.527841+00	938	Promo is Olivia, Счастливые часы	3		10	1
957	2024-04-11 06:33:10.529253+00	939	Promo is Olivia, Комбо 3в1	3		10	1
958	2024-04-11 06:33:10.530763+00	940	Promo is Olivia, Стейк 50%	3		10	1
959	2024-04-11 06:33:10.532201+00	941	Promo is Olivia, dsfs	3		10	1
960	2024-04-11 06:33:10.533971+00	942	Promo is Olivia, 1+1=3	3		10	1
961	2024-04-11 06:33:10.535598+00	943	Promo is Olivia, Счастливые часы	3		10	1
962	2024-04-11 06:33:10.537126+00	944	Promo is Olivia, Комбо 3в1	3		10	1
963	2024-04-11 06:33:10.538802+00	945	Promo is Olivia, Стейк 50%	3		10	1
964	2024-04-11 06:33:10.540213+00	946	Promo is Olivia, dsfs	3		10	1
965	2024-04-11 06:33:10.541757+00	947	Promo is Olivia, 1+1=3	3		10	1
966	2024-04-11 06:33:10.543205+00	948	Promo is Olivia, Счастливые часы	3		10	1
967	2024-04-11 06:33:10.545269+00	949	Promo is Olivia, Комбо 3в1	3		10	1
968	2024-04-11 06:33:10.546735+00	950	Promo is Olivia, Стейк 50%	3		10	1
969	2024-04-11 06:33:10.548104+00	951	Promo is Olivia, dsfs	3		10	1
970	2024-04-11 06:33:10.549749+00	952	Promo is Olivia, 1+1=3	3		10	1
971	2024-04-11 06:33:10.551187+00	953	Promo is Olivia, Счастливые часы	3		10	1
972	2024-04-11 06:33:10.552894+00	954	Promo is Olivia, Комбо 3в1	3		10	1
973	2024-04-11 06:33:10.554204+00	955	Promo is Olivia, Стейк 50%	3		10	1
974	2024-04-11 06:33:10.556103+00	956	Promo is Olivia, dsfs	3		10	1
975	2024-04-11 06:33:10.557486+00	957	Promo is Olivia, 1+1=3	3		10	1
976	2024-04-11 06:33:10.559091+00	958	Promo is Olivia, Счастливые часы	3		10	1
977	2024-04-11 06:33:10.560731+00	959	Promo is Olivia, Комбо 3в1	3		10	1
978	2024-04-11 06:33:10.562434+00	960	Promo is Olivia, Стейк 50%	3		10	1
979	2024-04-11 06:33:10.564104+00	961	Promo is Olivia, dsfs	3		10	1
980	2024-04-11 06:33:10.565397+00	962	Promo is Olivia, 1+1=3	3		10	1
981	2024-04-11 06:33:10.566908+00	963	Promo is Olivia, Счастливые часы	3		10	1
982	2024-04-11 06:33:10.568663+00	964	Promo is Olivia, Комбо 3в1	3		10	1
983	2024-04-11 06:33:10.570068+00	965	Promo is Olivia, Стейк 50%	3		10	1
984	2024-04-11 06:33:10.571681+00	966	Promo is Olivia, dsfs	3		10	1
985	2024-04-11 06:33:10.573198+00	967	Promo is Olivia, 1+1=3	3		10	1
986	2024-04-11 06:33:10.574572+00	968	Promo is Olivia, Счастливые часы	3		10	1
987	2024-04-11 06:33:10.576295+00	969	Promo is Olivia, Комбо 3в1	3		10	1
988	2024-04-11 06:33:10.57804+00	970	Promo is Olivia, Стейк 50%	3		10	1
989	2024-04-11 06:33:26.292452+00	972	Promo is Olivia, 1+1=3	3		10	1
990	2024-04-11 06:33:26.294934+00	973	Promo is Olivia, Счастливые часы	3		10	1
991	2024-04-11 06:33:26.29653+00	974	Promo is Olivia, Комбо 3в1	3		10	1
992	2024-04-11 06:33:26.298163+00	975	Promo is Olivia, Стейк 50%	3		10	1
993	2024-04-11 06:33:26.299674+00	976	Promo is Olivia, dsfs	3		10	1
994	2024-04-11 06:33:26.301169+00	977	Promo is Olivia, 1+1=3	3		10	1
995	2024-04-11 06:33:26.302607+00	978	Promo is Olivia, Счастливые часы	3		10	1
996	2024-04-11 06:33:26.30392+00	979	Promo is Olivia, Комбо 3в1	3		10	1
997	2024-04-11 06:33:26.305279+00	980	Promo is Olivia, Стейк 50%	3		10	1
998	2024-04-11 06:33:26.306674+00	981	Promo is Olivia, dsfs	3		10	1
999	2024-04-11 06:33:26.308173+00	982	Promo is Olivia, 1+1=3	3		10	1
1000	2024-04-11 06:33:26.309577+00	983	Promo is Olivia, Счастливые часы	3		10	1
1001	2024-04-11 06:33:26.311011+00	984	Promo is Olivia, Комбо 3в1	3		10	1
1002	2024-04-11 06:33:26.312536+00	985	Promo is Olivia, Стейк 50%	3		10	1
1003	2024-04-11 06:33:26.31383+00	986	Promo is Olivia, dsfs	3		10	1
1004	2024-04-11 06:33:26.315173+00	987	Promo is Olivia, 1+1=3	3		10	1
1005	2024-04-11 06:33:26.316454+00	988	Promo is Olivia, Счастливые часы	3		10	1
1006	2024-04-11 06:33:26.31782+00	989	Promo is Olivia, Комбо 3в1	3		10	1
1007	2024-04-11 06:33:26.319126+00	990	Promo is Olivia, Стейк 50%	3		10	1
1008	2024-04-11 06:33:26.320705+00	991	Promo is Olivia, dsfs	3		10	1
1009	2024-04-11 06:33:26.322044+00	992	Promo is Olivia, 1+1=3	3		10	1
1010	2024-04-11 06:33:26.323825+00	993	Promo is Olivia, Счастливые часы	3		10	1
1011	2024-04-11 06:33:26.325231+00	994	Promo is Olivia, Комбо 3в1	3		10	1
1012	2024-04-11 06:33:26.326533+00	995	Promo is Olivia, Стейк 50%	3		10	1
1013	2024-04-11 06:33:26.327857+00	996	Promo is Olivia, dsfs	3		10	1
1014	2024-04-11 06:33:26.329286+00	997	Promo is Olivia, 1+1=3	3		10	1
1015	2024-04-11 06:33:26.330517+00	998	Promo is Olivia, Счастливые часы	3		10	1
1016	2024-04-11 06:33:26.331852+00	999	Promo is Olivia, Комбо 3в1	3		10	1
1017	2024-04-11 06:33:26.333273+00	1000	Promo is Olivia, Стейк 50%	3		10	1
1018	2024-04-11 06:33:26.335179+00	1001	Promo is Olivia, dsfs	3		10	1
1019	2024-04-11 06:33:26.336701+00	1002	Promo is Olivia, 1+1=3	3		10	1
1020	2024-04-11 06:33:26.33802+00	1003	Promo is Olivia, Счастливые часы	3		10	1
1021	2024-04-11 06:33:26.339588+00	1004	Promo is Olivia, Комбо 3в1	3		10	1
1022	2024-04-11 06:33:26.341024+00	1005	Promo is Olivia, Стейк 50%	3		10	1
1023	2024-04-11 06:33:26.342513+00	1006	Promo is Olivia, 1+1=3	3		10	1
1024	2024-04-11 06:33:26.343767+00	1007	Promo is Olivia, dsfs	3		10	1
1025	2024-04-11 06:33:26.345244+00	1008	Promo is Olivia, Счастливые часы	3		10	1
1026	2024-04-11 06:33:26.347071+00	1009	Promo is Olivia, Комбо 3в1	3		10	1
1027	2024-04-11 06:33:26.348597+00	1010	Promo is Olivia, Стейк 50%	3		10	1
1028	2024-04-11 06:33:26.349928+00	1011	Promo is Olivia, dsfs	3		10	1
1029	2024-04-11 06:33:26.35194+00	1012	Promo is Olivia, Счастливые часы	3		10	1
1030	2024-04-11 06:33:26.353323+00	1013	Promo is Olivia, 1+1=3	3		10	1
1031	2024-04-11 06:33:26.354775+00	1014	Promo is Olivia, Комбо 3в1	3		10	1
1032	2024-04-11 06:33:26.356081+00	1015	Promo is Olivia, Стейк 50%	3		10	1
1033	2024-04-11 06:33:26.357525+00	1016	Promo is Olivia, dsfs	3		10	1
1034	2024-04-11 06:33:26.358869+00	1017	Promo is Olivia, 1+1=3	3		10	1
1035	2024-04-11 06:33:26.360456+00	1018	Promo is Olivia, Комбо 3в1	3		10	1
1036	2024-04-11 06:33:26.361855+00	1019	Promo is Olivia, Счастливые часы	3		10	1
1037	2024-04-11 06:33:26.363196+00	1020	Promo is Olivia, Стейк 50%	3		10	1
1038	2024-04-11 06:33:26.364458+00	1021	Promo is Olivia, dsfs	3		10	1
1039	2024-04-11 06:33:26.365904+00	1022	Promo is Olivia, 1+1=3	3		10	1
1040	2024-04-11 06:33:26.367316+00	1023	Promo is Olivia, Счастливые часы	3		10	1
1041	2024-04-11 06:33:26.368667+00	1024	Promo is Olivia, Комбо 3в1	3		10	1
1042	2024-04-11 06:33:26.370063+00	1025	Promo is Olivia, Стейк 50%	3		10	1
1043	2024-04-11 06:33:26.371397+00	1026	Promo is Olivia, dsfs	3		10	1
1044	2024-04-11 06:33:26.372949+00	1027	Promo is Olivia, 1+1=3	3		10	1
1045	2024-04-11 06:33:26.374565+00	1028	Promo is Olivia, Счастливые часы	3		10	1
1046	2024-04-11 06:33:26.375994+00	1029	Promo is Olivia, Комбо 3в1	3		10	1
1047	2024-04-11 06:33:26.377521+00	1030	Promo is Olivia, Стейк 50%	3		10	1
1048	2024-04-11 06:33:26.378772+00	1031	Promo is Olivia, dsfs	3		10	1
1049	2024-04-11 06:33:26.380106+00	1032	Promo is Olivia, 1+1=3	3		10	1
1050	2024-04-11 06:33:26.381352+00	1033	Promo is Olivia, Счастливые часы	3		10	1
1051	2024-04-11 06:33:26.383016+00	1034	Promo is Olivia, Комбо 3в1	3		10	1
1052	2024-04-11 06:33:26.384436+00	1035	Promo is Olivia, Стейк 50%	3		10	1
1053	2024-04-11 06:33:26.386233+00	1036	Promo is Olivia, dsfs	3		10	1
1054	2024-04-11 06:33:26.387441+00	1037	Promo is Olivia, 1+1=3	3		10	1
1055	2024-04-11 06:33:26.38928+00	1038	Promo is Olivia, Счастливые часы	3		10	1
1056	2024-04-11 06:33:26.390575+00	1039	Promo is Olivia, Комбо 3в1	3		10	1
1057	2024-04-11 06:33:26.392026+00	1040	Promo is Olivia, Стейк 50%	3		10	1
1058	2024-04-11 06:33:26.393223+00	1041	Promo is Olivia, dsfs	3		10	1
1059	2024-04-11 06:33:26.394632+00	1042	Promo is Olivia, 1+1=3	3		10	1
1060	2024-04-11 06:33:26.396063+00	1043	Promo is Olivia, Счастливые часы	3		10	1
1061	2024-04-11 06:33:26.397447+00	1044	Promo is Olivia, Комбо 3в1	3		10	1
1062	2024-04-11 06:33:26.39882+00	1045	Promo is Olivia, Стейк 50%	3		10	1
1063	2024-04-11 06:33:26.400101+00	1046	Promo is Olivia, dsfs	3		10	1
1064	2024-04-11 06:33:26.40131+00	1047	Promo is Olivia, 1+1=3	3		10	1
1065	2024-04-11 06:33:26.402542+00	1048	Promo is Olivia, Счастливые часы	3		10	1
1066	2024-04-11 06:33:26.403785+00	1049	Promo is Olivia, Комбо 3в1	3		10	1
1067	2024-04-11 06:33:26.404979+00	1050	Promo is Olivia, Стейк 50%	3		10	1
1068	2024-04-11 06:33:26.406272+00	1051	Promo is Olivia, dsfs	3		10	1
1069	2024-04-11 07:01:13.012928+00	971	Promo is Olivia, dsfs	3		10	1
1070	2024-04-12 06:37:24.000724+00	1052	Promo is Olivia, test	3		10	1
1071	2024-04-12 06:37:24.004552+00	1053	Promo is Olivia, 1+2=33	3		10	1
1072	2024-04-12 06:37:24.006231+00	1054	Promo is Olivia, sdf	3		10	1
1073	2024-04-12 06:37:24.007956+00	1055	Promo is Olivia, se	3		10	1
1074	2024-04-12 06:37:24.010207+00	1056	Promo is Olivia, test	3		10	1
1075	2024-04-12 06:37:24.012012+00	1057	Promo is Olivia, 3242	3		10	1
1076	2024-04-19 15:43:14.789623+00	1	test-update2 in Pasta House	2	[{"changed": {"fields": ["Price"]}}]	9	1
1077	2024-04-19 15:43:44.677432+00	1	test-update2 in Pasta House	2	[{"changed": {"fields": ["Price"]}}]	9	1
1078	2024-04-25 17:38:45.081573+00	3	test	2	[{"changed": {"fields": ["Active", "Staff status", "Superuser status"]}}]	4	1
1079	2024-04-25 17:39:30.843914+00	3	test	2	[{"changed": {"fields": ["Active"]}}]	4	1
1080	2024-04-28 16:15:13.037118+00	3	Olivia	2	[{"changed": {"fields": ["Is active"]}}]	8	1
1081	2024-04-28 16:15:22.772087+00	1	Pasta House	2	[{"changed": {"fields": ["Is active"]}}]	8	1
1082	2024-04-28 16:15:28.269449+00	4	Joy Chaikhana	2	[{"changed": {"fields": ["Is active"]}}]	8	1
1083	2024-04-28 16:17:49.630659+00	3	Olivia	2	[{"changed": {"fields": ["Is active"]}}]	8	1
1084	2024-04-28 16:19:19.910383+00	3	Olivia	2	[{"changed": {"fields": ["Is active"]}}]	8	1
1085	2024-04-28 16:20:01.885604+00	3	test	2	[{"changed": {"fields": ["Active"]}}]	4	1
1086	2024-04-28 16:20:41.260269+00	3	test	2	[{"changed": {"fields": ["Active"]}}]	4	1
1087	2024-04-28 19:01:31.618079+00	23	Холодные закуски	2	[{"changed": {"fields": ["Is active"]}}]	7	1
1088	2024-04-28 19:05:56.067161+00	25	Первые блюда	2	[{"changed": {"fields": ["Is active"]}}]	7	1
1089	2024-04-28 19:14:52.869502+00	31	test333	2	[{"changed": {"fields": ["Is active"]}}]	7	1
1090	2024-05-30 16:04:21.230659+00	5	craft	1	[{"added": {}}]	4	1
1091	2024-05-30 16:04:37.298055+00	5	craft	2	[{"changed": {"fields": ["Staff status", "Superuser status"]}}]	4	1
1092	2024-05-30 16:06:20.360157+00	5	craft	2	[{"changed": {"fields": ["password"]}}]	4	1
1093	2024-05-30 16:06:28.63778+00	5	craft	2	[]	4	1
1094	2024-05-30 16:07:50.313065+00	5	craft	2	[{"changed": {"fields": ["First name", "Last name", "Staff status", "Superuser status"]}}]	4	1
1095	2024-05-30 16:30:16.08688+00	5	Craft Burger	1	[{"added": {}}]	8	1
1096	2024-05-30 16:41:47.716527+00	5	Craft Burger	2	[{"changed": {"fields": ["Logo"]}}]	8	1
1097	2024-05-30 17:13:19.41207+00	146	Греческий in Craft Burger	1	[{"added": {}}]	9	1
1098	2024-05-30 17:14:07.953615+00	146	Греческий in Craft Burger	3		9	1
1099	2024-05-30 18:40:57.213488+00	5	Craft Burger	2	[{"changed": {"fields": ["Logo"]}}]	8	1
1100	2024-06-16 08:31:27.151945+00	3	Olivia	2	[{"changed": {"fields": ["Availability orders", "Orders chat id", "Waiter chat id"]}}]	8	1
1101	2024-06-16 09:26:09.495067+00	3	Olivia	2	[{"changed": {"fields": ["Availability orders"]}}]	8	1
1102	2024-06-16 09:26:28.132281+00	3	Olivia	2	[{"changed": {"fields": ["Availability orders"]}}]	8	1
1103	2024-06-16 09:28:43.184497+00	3	Olivia	2	[{"changed": {"fields": ["Availability orders"]}}]	8	1
1104	2024-06-16 10:12:54.469659+00	3	Olivia	2	[{"changed": {"fields": ["Availability orders"]}}]	8	1
1105	2024-06-16 10:38:34.055934+00	1	Pasta House	2	[{"changed": {"fields": ["Orders chat id"]}}]	8	1
1106	2024-06-16 10:41:02.893006+00	1	Pasta House	2	[{"changed": {"fields": ["Availability orders"]}}]	8	1
1107	2024-06-16 11:17:53.507104+00	1	Pasta House	2	[{"changed": {"fields": ["Waiter chat id"]}}]	8	1
1108	2024-06-16 13:15:49.940072+00	3	Olivia	2	[{"changed": {"fields": ["Orders chat id", "Waiter chat id"]}}]	8	1
1109	2024-06-20 13:58:11.289748+00	3	Olivia	2	[{"changed": {"fields": ["Availability orders"]}}]	8	1
1110	2024-06-20 13:59:42.869942+00	3	Olivia	2	[]	8	1
1111	2024-06-20 14:03:05.844877+00	3	Olivia	2	[{"changed": {"fields": ["Availability orders"]}}]	8	1
1112	2024-06-20 14:04:06.458391+00	3	Olivia	2	[{"changed": {"fields": ["Availability orders"]}}]	8	1
1113	2024-06-20 14:06:51.736986+00	3	Olivia	2	[{"changed": {"fields": ["Availability orders"]}}]	8	1
1114	2024-06-20 14:09:16.134501+00	3	Olivia	2	[]	8	1
1115	2024-06-25 13:42:01.965099+00	6	theplov	1	[{"added": {}}]	4	1
1116	2024-06-25 13:42:23.144654+00	6	theplov	2	[{"changed": {"fields": ["First name", "Last name"]}}]	4	1
1117	2024-06-25 13:56:47.487307+00	6	The Plov	1	[{"added": {}}]	8	1
1118	2024-06-25 13:59:08.856995+00	6	The Plov	2	[{"changed": {"fields": ["Instagramm"]}}]	8	1
1119	2024-06-29 18:06:05.142908+00	3	Olivia	2	[{"changed": {"fields": ["Orders chat id", "Waiter chat id"]}}]	8	1
1120	2024-06-30 15:04:23.751511+00	5	Craft Burger	2	[{"changed": {"fields": ["Is active"]}}]	8	1
1121	2024-06-30 15:08:10.407031+00	5	craft	2	[{"changed": {"fields": ["Active"]}}]	4	1
1122	2024-06-30 15:08:20.32175+00	5	craft	2	[{"changed": {"fields": ["Active"]}}]	4	1
1123	2024-06-30 15:08:25.281819+00	5	Craft Burger	2	[{"changed": {"fields": ["Is active"]}}]	8	1
1124	2024-07-09 10:12:46.930931+00	6	The Plov	2	[{"changed": {"fields": ["Is active"]}}]	8	1
1125	2024-12-29 13:44:29.0307+00	7	bon-bon	1	[{"added": {}}]	4	1
1126	2024-12-29 13:45:08.422456+00	7	bon-bon	2	[{"changed": {"fields": ["First name", "Last name", "Staff status", "User permissions"]}}]	4	1
1127	2024-12-29 13:45:18.766399+00	7	bon-bon	2	[{"changed": {"fields": ["Staff status"]}}]	4	1
1128	2024-12-29 13:48:10.038564+00	7	Bon Bon	1	[{"added": {}}]	8	1
1129	2025-01-13 09:43:35.611915+00	7	Bon Bon	2	[{"changed": {"fields": ["Photo"]}}]	8	1
1130	2025-01-13 09:55:07.09877+00	7	Bon Bon	2	[{"changed": {"fields": ["Photo"]}}]	8	1
1131	2025-02-02 07:04:41.975953+00	7	Bon Bon	2	[{"changed": {"fields": ["Logo"]}}]	8	1
\.


--
-- Data for Name: django_content_type; Type: TABLE DATA; Schema: public; Owner: aurora
--

COPY public.django_content_type (id, app_label, model) FROM stdin;
1	admin	logentry
2	auth	permission
3	auth	group
4	auth	user
5	contenttypes	contenttype
6	sessions	session
7	menu_app	category
8	menu_app	restaurant
9	menu_app	menu
10	menu_app	promo
\.


--
-- Data for Name: django_migrations; Type: TABLE DATA; Schema: public; Owner: aurora
--

COPY public.django_migrations (id, app, name, applied) FROM stdin;
1	contenttypes	0001_initial	2024-03-04 12:09:25.711402+00
2	auth	0001_initial	2024-03-04 12:09:25.816029+00
3	admin	0001_initial	2024-03-04 12:09:25.845262+00
4	admin	0002_logentry_remove_auto_add	2024-03-04 12:09:25.853607+00
5	admin	0003_logentry_add_action_flag_choices	2024-03-04 12:09:25.861396+00
6	contenttypes	0002_remove_content_type_name	2024-03-04 12:09:25.875928+00
7	auth	0002_alter_permission_name_max_length	2024-03-04 12:09:25.88439+00
8	auth	0003_alter_user_email_max_length	2024-03-04 12:09:25.892512+00
9	auth	0004_alter_user_username_opts	2024-03-04 12:09:25.900528+00
10	auth	0005_alter_user_last_login_null	2024-03-04 12:09:25.910153+00
11	auth	0006_require_contenttypes_0002	2024-03-04 12:09:25.91304+00
12	auth	0007_alter_validators_add_error_messages	2024-03-04 12:09:25.920124+00
13	auth	0008_alter_user_username_max_length	2024-03-04 12:09:25.932479+00
14	auth	0009_alter_user_last_name_max_length	2024-03-04 12:09:25.940682+00
15	auth	0010_alter_group_name_max_length	2024-03-04 12:09:25.949815+00
16	auth	0011_update_proxy_permissions	2024-03-04 12:09:25.957283+00
17	auth	0012_alter_user_first_name_max_length	2024-03-04 12:09:25.96526+00
18	menu_app	0001_initial	2024-03-04 12:09:26.094813+00
19	menu_app	0002_category_order	2024-03-04 12:09:26.106413+00
20	menu_app	0003_alter_category_options_promo	2024-03-04 12:09:26.149759+00
21	menu_app	0004_alter_menu_description	2024-03-04 12:09:26.191452+00
22	menu_app	0005_alter_promo_info_alter_promo_name_alter_promo_photo	2024-03-04 12:09:26.220317+00
23	sessions	0001_initial	2024-03-04 12:09:26.242185+00
24	menu_app	0006_category_is_active_menu_availability_and_more	2024-04-28 16:13:06.660165+00
25	menu_app	0007_alter_category_is_active	2024-04-28 19:23:01.515147+00
26	menu_app	0008_rename_info_promo_description	2024-06-07 20:24:38.978479+00
27	menu_app	0009_restaurant_availability_orders_and_more	2024-06-16 08:19:23.617839+00
28	menu_app	0010_alter_restaurant_orders_chat_id_and_more	2024-06-26 14:01:05.226092+00
29	menu_app	0011_alter_restaurant_orders_chat_id_and_more	2024-06-26 14:05:20.221325+00
30	menu_app	0012_alter_restaurant_orders_chat_id_and_more	2024-06-26 14:11:51.68796+00
31	menu_app	0013_remove_menu_slug_remove_restaurant_slug	2024-12-10 17:27:21.405714+00
\.


--
-- Data for Name: django_session; Type: TABLE DATA; Schema: public; Owner: aurora
--

COPY public.django_session (session_key, session_data, expire_date) FROM stdin;
qdaybb4n8enefuomp4x7449svd7ov636	.eJxVjMEOwiAQRP-FsyFABbYevfsNZJcFqRpISnsy_rtt0oPeJvPezFsEXJcS1p7mMLG4CC1Ovx1hfKa6A35gvTcZW13mieSuyIN2eWucXtfD_Tso2Mu2JkcqjyOB9QNgQpsMYDwDRKUZrMkDKJPJeSYTaYvoMbFG0No4NCw-X_D3OFQ:1rh7E8:eMehFIdCD7Aw_uh627sdP9tIVHnz16ZDq9q7vyb84kA	2024-03-18 12:15:28.971773+00
tqsq2vwc3fbkcxhqyxoe4g000wg6fc97	.eJxVjMEOwiAQRP-FsyFABbYevfsNZJcFqRpISnsy_rtt0oPeJvPezFsEXJcS1p7mMLG4CC1Ovx1hfKa6A35gvTcZW13mieSuyIN2eWucXtfD_Tso2Mu2JkcqjyOB9QNgQpsMYDwDRKUZrMkDKJPJeSYTaYvoMbFG0No4NCw-X_D3OFQ:1rh7Eh:s8oSJ__LU2nkByAZ9qWOJeYvrQfdk2NWKWZ2ZlDuw4Q	2024-03-18 12:16:03.275089+00
bpzt1vc9om4ecetnljfzj31gzl5lqyj4	.eJxVjMEOwiAQRP-FsyFABbYevfsNZJcFqRpISnsy_rtt0oPeJvPezFsEXJcS1p7mMLG4CC1Ovx1hfKa6A35gvTcZW13mieSuyIN2eWucXtfD_Tso2Mu2JkcqjyOB9QNgQpsMYDwDRKUZrMkDKJPJeSYTaYvoMbFG0No4NCw-X_D3OFQ:1rh81e:vOpA0y3ssgbJgSUKGdCWEfnOnyKhuKrgAdl6GsHX-IQ	2024-03-18 13:06:38.247058+00
smmd4ro72kirwbfcw84cxd4zvanzzxs7	.eJxVjMEOwiAQRP-FsyFABbYevfsNZJcFqRpISnsy_rtt0oPeJvPezFsEXJcS1p7mMLG4CC1Ovx1hfKa6A35gvTcZW13mieSuyIN2eWucXtfD_Tso2Mu2JkcqjyOB9QNgQpsMYDwDRKUZrMkDKJPJeSYTaYvoMbFG0No4NCw-X_D3OFQ:1rhof8:I6XFLeGU6b5BMEQ3aOlMoiRdeknlp9sL-zlLSc2UgKE	2024-03-20 10:38:14.09638+00
h31o82hblz3vmpqxi1zez90xyyi2e6q7	.eJxVjMEOwiAQRP-FsyFABbYevfsNZJcFqRpISnsy_rtt0oPeJvPezFsEXJcS1p7mMLG4CC1Ovx1hfKa6A35gvTcZW13mieSuyIN2eWucXtfD_Tso2Mu2JkcqjyOB9QNgQpsMYDwDRKUZrMkDKJPJeSYTaYvoMbFG0No4NCw-X_D3OFQ:1roJS1:AW33fIMPdkghVZPP2yq3kjlY--LkksMclzs_PcXDqRs	2024-04-07 08:43:33.676204+00
x0uavqx2k063tlxpwzzrlq1zkh3mcp6p	.eJxVjMEOwiAQRP-FsyFABbYevfsNZJcFqRpISnsy_rtt0oPeJvPezFsEXJcS1p7mMLG4CC1Ovx1hfKa6A35gvTcZW13mieSuyIN2eWucXtfD_Tso2Mu2JkcqjyOB9QNgQpsMYDwDRKUZrMkDKJPJeSYTaYvoMbFG0No4NCw-X_D3OFQ:1roO3H:KEflD732Zb0XFDVUruFZu20NtZu8UZ3pfOT0i-juX6I	2024-04-07 13:38:19.68184+00
03oknnr11dsndwhc26gg41k21tvywj2i	.eJxVjMEOwiAQRP-FsyFABbYevfsNZJcFqRpISnsy_rtt0oPeJvPezFsEXJcS1p7mMLG4CC1Ovx1hfKa6A35gvTcZW13mieSuyIN2eWucXtfD_Tso2Mu2JkcqjyOB9QNgQpsMYDwDRKUZrMkDKJPJeSYTaYvoMbFG0No4NCw-X_D3OFQ:1rtho1:BI8o0BucvCv-is-TvFnG4jh268r_OFlAzrl9_cVJz4I	2024-04-22 05:44:33.040688+00
cktuba8m7jna6kdm6blf17alj1b54npz	.eJxVjMEOwiAQRP-FsyFABbYevfsNZJcFqRpISnsy_rtt0oPeJvPezFsEXJcS1p7mMLG4CC1Ovx1hfKa6A35gvTcZW13mieSuyIN2eWucXtfD_Tso2Mu2JkcqjyOB9QNgQpsMYDwDRKUZrMkDKJPJeSYTaYvoMbFG0No4NCw-X_D3OFQ:1rxqNj:inE966c3AnTB150-DcNCoIiUblNqRxpKl0eR6ma-ahk	2024-05-03 15:42:31.589681+00
ifdevm7ds2u2p143sv2mepj20houqa4l	.eJxVjMEOwiAQRP-FsyFABbYevfsNZJcFqRpISnsy_rtt0oPeJvPezFsEXJcS1p7mMLG4CC1Ovx1hfKa6A35gvTcZW13mieSuyIN2eWucXtfD_Tso2Mu2JkcqjyOB9QNgQpsMYDwDRKUZrMkDKJPJeSYTaYvoMbFG0No4NCw-X_D3OFQ:1ryBYK:m_BVj73MAfJzSjgfqik5YalLXWPLqf7-ASINVaIP6Tc	2024-05-04 14:18:52.872127+00
sqbao14zcg2ubkid4lk1royd53xrbd1o	.eJxVjMEOwiAQRP-FsyFABbYevfsNZJcFqRpISnsy_rtt0oPeJvPezFsEXJcS1p7mMLG4CC1Ovx1hfKa6A35gvTcZW13mieSuyIN2eWucXtfD_Tso2Mu2JkcqjyOB9QNgQpsMYDwDRKUZrMkDKJPJeSYTaYvoMbFG0No4NCw-X_D3OFQ:1rzDsD:XKf6PuyedNabccWJVbqhli_Xl8v2_aOxUPPoeRfSiqk	2024-05-07 10:59:41.254634+00
oddrvzk3vs0vpa1or8n6v4cwyuvu9qjk	.eJxVjMEOwiAQRP-FsyFABbYevfsNZJcFqRpISnsy_rtt0oPeJvPezFsEXJcS1p7mMLG4CC1Ovx1hfKa6A35gvTcZW13mieSuyIN2eWucXtfD_Tso2Mu2JkcqjyOB9QNgQpsMYDwDRKUZrMkDKJPJeSYTaYvoMbFG0No4NCw-X_D3OFQ:1s02IT:xHcfwIYD2JRMkomxXGqWtHUUOWz56XoSEPgBOxECB5s	2024-05-09 16:50:09.629172+00
e97xqukuqt7lo5awx4cranytdbrg90ic	.eJxVjMEOwiAQRP-FsyFABbYevfsNZJcFqRpISnsy_rtt0oPeJvPezFsEXJcS1p7mMLG4CC1Ovx1hfKa6A35gvTcZW13mieSuyIN2eWucXtfD_Tso2Mu2JkcqjyOB9QNgQpsMYDwDRKUZrMkDKJPJeSYTaYvoMbFG0No4NCw-X_D3OFQ:1s033C:vTHFP7Om8KrMmprAbdStTZEhY4lvWAx_rqFW8agNcG8	2024-05-09 17:38:26.312394+00
y5xx0addpfqgpny7ycbiz3dpa9xc2pwf	.eJxVjMEOwiAQRP-FsyFABbYevfsNZJcFqRpISnsy_rtt0oPeJvPezFsEXJcS1p7mMLG4CC1Ovx1hfKa6A35gvTcZW13mieSuyIN2eWucXtfD_Tso2Mu2JkcqjyOB9QNgQpsMYDwDRKUZrMkDKJPJeSYTaYvoMbFG0No4NCw-X_D3OFQ:1s0iyC:VLwLQGcBJrl2nNVnea5EC2xTdKDO3LM1B6XkSPFlHgg	2024-05-11 14:24:04.797942+00
pl11y1cdu7dthivd3l3ari1f3b8vrkeu	.eJxVjMEOwiAQRP-FsyFABbYevfsNZJcFqRpISnsy_rtt0oPeJvPezFsEXJcS1p7mMLG4CC1Ovx1hfKa6A35gvTcZW13mieSuyIN2eWucXtfD_Tso2Mu2JkcqjyOB9QNgQpsMYDwDRKUZrMkDKJPJeSYTaYvoMbFG0No4NCw-X_D3OFQ:1s6eqW:77jOVpHQvba4rMBHmEk1NJ_AgLSou_Okz8Pgpnb9IhI	2024-05-27 23:12:40.875679+00
j1md9kx3lmgjm8flazwbk76uyp15ejyp	.eJxVjMEOwiAQRP-FsyFABbYevfsNZJcFqRpISnsy_rtt0oPeJvPezFsEXJcS1p7mMLG4CC1Ovx1hfKa6A35gvTcZW13mieSuyIN2eWucXtfD_Tso2Mu2JkcqjyOB9QNgQpsMYDwDRKUZrMkDKJPJeSYTaYvoMbFG0No4NCw-X_D3OFQ:1sAEsM:D4kaE5oDXZ2ZV-zUKXKO1S7BpkjAhnn6wQExhh4gatI	2024-06-06 20:17:22.025116+00
kuxqjmuzxdkbxglahuivzfzon226inoz	.eJxVjMEOwiAQRP-FsyFABbYevfsNZJcFqRpISnsy_rtt0oPeJvPezFsEXJcS1p7mMLG4CC1Ovx1hfKa6A35gvTcZW13mieSuyIN2eWucXtfD_Tso2Mu2JkcqjyOB9QNgQpsMYDwDRKUZrMkDKJPJeSYTaYvoMbFG0No4NCw-X_D3OFQ:1sCiIw:KDiYbBnAC2Igoma9WXeF8fBemFuoKxltKZAxB69Hfk8	2024-06-13 16:07:02.772048+00
qs0zia48d7dn8x8otbziugu3rseijo4p	.eJxVjMsOwiAQRf-FtSFQ3i7d-w1khgGpGkhKuzL-uzbpQrf3nHNfLMK21riNvMSZ2JlJdvrdENIjtx3QHdqt89TbuszId4UfdPBrp_y8HO7fQYVRv3VWiCkE6YzLSpgJMNjkpLCkLSAZV4RHcNInD0EEB2YqPhdBSuukS2DvD-HwN-E:1sIk2w:_GB4197OJvbTLMSRAON6YqIyep90T1AWFhGHFoMuvRM	2024-06-30 07:11:26.449194+00
jlb2eqar3591qedrix1exp1z6xgvrg31	.eJxVjMsOwiAQRf-FtSFQ3i7d-w1khgGpGkhKuzL-uzbpQrf3nHNfLMK21riNvMSZ2JlJdvrdENIjtx3QHdqt89TbuszId4UfdPBrp_y8HO7fQYVRv3VWiCkE6YzLSpgJMNjkpLCkLSAZV4RHcNInD0EEB2YqPhdBSuukS2DvD-HwN-E:1sIlCG:0g2ziYjIGCRNtRepNGNTQXN0YyUgXw5_rszYWco164M	2024-06-30 08:25:08.888394+00
vln1rzzl1xfmc9x42miwucestw6ox35j	.eJxVjMsOwiAQRf-FtSFQ3i7d-w1khgGpGkhKuzL-uzbpQrf3nHNfLMK21riNvMSZ2JlJdvrdENIjtx3QHdqt89TbuszId4UfdPBrp_y8HO7fQYVRv3VWiCkE6YzLSpgJMNjkpLCkLSAZV4RHcNInD0EEB2YqPhdBSuukS2DvD-HwN-E:1sNw5Y:H2egwJ8C_23g_lgFuJQwAMC2uvSjnWe700eezZHMp_0	2024-07-14 15:03:36.125522+00
i025s2n9kkqnx6bdnegz5aods33fzhcn	.eJxVjMsOwiAQRf-FtSFQ3i7d-w1khgGpGkhKuzL-uzbpQrf3nHNfLMK21riNvMSZ2JlJdvrdENIjtx3QHdqt89TbuszId4UfdPBrp_y8HO7fQYVRv3VWiCkE6YzLSpgJMNjkpLCkLSAZV4RHcNInD0EEB2YqPhdBSuukS2DvD-HwN-E:1sPl6d:l2_nCrCeQgpIhejGk3vACayty0bdfkgOJB0AeY7hG-g	2024-07-19 15:44:15.948193+00
xva21ujrscbzwi8fdw7ctj16inedjdzd	.eJxVjMsOwiAQRf-FtSFQ3i7d-w1khgGpGkhKuzL-uzbpQrf3nHNfLMK21riNvMSZ2JlJdvrdENIjtx3QHdqt89TbuszId4UfdPBrp_y8HO7fQYVRv3VWiCkE6YzLSpgJMNjkpLCkLSAZV4RHcNInD0EEB2YqPhdBSuukS2DvD-HwN-E:1sR7pp:a7FQnpn4nuxsWM-xv8ks8P--ftpyoAy_TDv_ti___2s	2024-07-23 10:12:33.319792+00
xgak2w1sj9g61at7leqv1patxdbe8q0u	.eJxVjMsOwiAQRf-FtSFQ3i7d-w1khgGpGkhKuzL-uzbpQrf3nHNfLMK21riNvMSZ2JlJdvrdENIjtx3QHdqt89TbuszId4UfdPBrp_y8HO7fQYVRv3VWiCkE6YzLSpgJMNjkpLCkLSAZV4RHcNInD0EEB2YqPhdBSuukS2DvD-HwN-E:1tL3fM:joquRJXPSyCkuplsO--BPlPZiYMIBNr_4Cbx8KlpUY4	2024-12-24 17:04:56.999008+00
mvmetiqrelguc82541it333gbl1628l3	.eJxVjMsOwiAQRf-FtSFQ3i7d-w1khgGpGkhKuzL-uzbpQrf3nHNfLMK21riNvMSZ2JlJdvrdENIjtx3QHdqt89TbuszId4UfdPBrp_y8HO7fQYVRv3VWiCkE6YzLSpgJMNjkpLCkLSAZV4RHcNInD0EEB2YqPhdBSuukS2DvD-HwN-E:1tL3hV:u0y2Yuh_0s_a6kntxGCBHvTcOgwXYmNDhHu0GuzimYI	2024-12-24 17:07:09.517538+00
1oqindo426471yg3p4f1z58e8cgkozpa	.eJxVjMsOwiAQRf-FtSFQ3i7d-w1khgGpGkhKuzL-uzbpQrf3nHNfLMK21riNvMSZ2JlJdvrdENIjtx3QHdqt89TbuszId4UfdPBrp_y8HO7fQYVRv3VWiCkE6YzLSpgJMNjkpLCkLSAZV4RHcNInD0EEB2YqPhdBSuukS2DvD-HwN-E:1tL3xB:8HSZ1UfutfiwVO04AV7qXOeq62VAcLPVxd9QJBnKW2M	2024-12-24 17:23:21.162364+00
dkh1t65u9363b18mh55f24ik829hcbbs	.eJxVjMsOwiAQRf-FtSFQ3i7d-w1khgGpGkhKuzL-uzbpQrf3nHNfLMK21riNvMSZ2JlJdvrdENIjtx3QHdqt89TbuszId4UfdPBrp_y8HO7fQYVRv3VWiCkE6YzLSpgJMNjkpLCkLSAZV4RHcNInD0EEB2YqPhdBSuukS2DvD-HwN-E:1tRtKr:qJQ86z3yx_fgBpKKuvYXB8SdjkMvH8cb22fJtlI1XPM	2025-01-12 13:28:01.132485+00
75oxhb5qjd7utahgf7v1jr67e3y1u1mf	.eJxVjMsOwiAQRf-FtSFQ3i7d-w1khgGpGkhKuzL-uzbpQrf3nHNfLMK21riNvMSZ2JlJdvrdENIjtx3QHdqt89TbuszId4UfdPBrp_y8HO7fQYVRv3VWiCkE6YzLSpgJMNjkpLCkLSAZV4RHcNInD0EEB2YqPhdBSuukS2DvD-HwN-E:1tXGyN:N-w40hgYV28CudHNXiBWnYWPiaLRrkpu5FqwzJtlpeo	2025-01-27 09:43:03.698326+00
kexkq579vp0rsmlwc9mr4z03i9wivow9	.eJxVjMsOwiAQRf-FtSFQ3i7d-w1khgGpGkhKuzL-uzbpQrf3nHNfLMK21riNvMSZ2JlJdvrdENIjtx3QHdqt89TbuszId4UfdPBrp_y8HO7fQYVRv3VWiCkE6YzLSpgJMNjkpLCkLSAZV4RHcNInD0EEB2YqPhdBSuukS2DvD-HwN-E:1teTqf:YQThAKRf9ingHFnRxropcs892Yi97yZoHSGhZzfEub4	2025-02-16 06:52:53.163768+00
snenwroxevwld4d4b940o33pac8nahrc	.eJxVjMsOwiAQRf-FtSFQ3i7d-w1khgGpGkhKuzL-uzbpQrf3nHNfLMK21riNvMSZ2JlJdvrdENIjtx3QHdqt89TbuszId4UfdPBrp_y8HO7fQYVRv3VWiCkE6YzLSpgJMNjkpLCkLSAZV4RHcNInD0EEB2YqPhdBSuukS2DvD-HwN-E:1tfAxp:oANxDnpM3oMQFyUhG2cBsGo9vkOnhWfsa8JIPNQzGWs	2025-02-18 04:55:09.641298+00
\.


--
-- Data for Name: menu_app_category; Type: TABLE DATA; Schema: public; Owner: aurora
--

COPY public.menu_app_category (id, created_time, update_time, name, slug, created_by_id, restaurant_id, update_by_id, "order", is_active) FROM stdin;
41	2024-05-30 16:34:35.969494+00	2025-01-24 14:30:42.812073+00	Напитки	-25	5	5	5	11	t
62	2025-01-19 14:50:47.923048+00	2025-01-31 09:37:21.986006+00	Хот дог	-36	7	7	7	10	t
63	2025-01-19 15:00:18.304151+00	2025-01-31 09:37:21.99017+00	Бургеры	-37	7	7	7	11	t
38	2024-05-30 16:34:04.962426+00	2025-01-24 14:31:46.403121+00	Side-dish	side-dish	5	5	5	7	t
22	2024-04-25 18:00:53.366791+00	2024-04-25 20:00:20.721277+00	Салаты	-10	4	4	4	2	t
24	2024-04-25 18:01:37.767888+00	2024-04-25 20:00:20.725282+00	Горячие закуски	-12	4	4	4	4	t
26	2024-04-25 18:02:19.662827+00	2024-04-25 20:00:20.729735+00	Национальная кухня	-14	4	4	4	6	t
5	2024-03-06 06:26:32.816393+00	2025-01-12 07:53:12.460496+00	Второе Блюдо	-5	3	3	3	2	t
28	2024-04-25 18:02:44.664871+00	2024-04-25 20:00:20.734248+00	Гарниры	-16	4	4	4	8	t
29	2024-04-25 18:02:55.037752+00	2024-04-25 20:00:20.736263+00	Десерты	-17	4	4	4	9	t
23	2024-04-25 18:01:18.454535+00	2024-04-28 19:01:31.616963+00	Холодные закуски	-11	4	4	4	3	f
2	2024-03-06 06:25:52.959536+00	2025-01-12 07:53:12.46239+00	Бургер	-2	3	3	3	3	t
3	2024-03-06 06:26:02.95966+00	2025-01-12 07:53:12.46573+00	Пицца	-3	3	3	3	4	t
25	2024-04-25 18:01:52.72704+00	2024-04-28 19:05:56.065973+00	Первые блюда	-13	4	4	4	5	f
4	2024-03-06 06:26:19.993346+00	2025-02-19 21:13:26.735285+00	Первое Блюдо	-4	3	3	3	1	t
6	2024-03-06 06:26:49.348072+00	2025-01-12 07:53:12.468011+00	Салаты	-6	3	3	3	5	t
32	2024-04-28 19:25:51.882565+00	2025-01-12 07:53:12.470055+00	Десерты	-9	3	3	3	6	t
8	2024-03-06 06:27:25.301987+00	2025-01-12 07:53:12.472444+00	Аппетайзеры	-8	3	3	3	7	t
64	2025-01-20 15:48:27.022369+00	2025-01-31 09:37:21.992363+00	Пицца Американская	-38	7	7	7	12	t
7	2024-03-06 06:27:06.660341+00	2025-01-12 07:53:12.47431+00	Напитки	-7	3	3	3	8	t
65	2025-01-25 07:35:05.216197+00	2025-01-31 09:37:21.994401+00	Пицца Итальянский	-39	7	7	7	13	t
46	2024-06-27 06:35:37.908879+00	2024-06-27 06:36:40.070601+00	Achiq-chuchuk	achiq-chuchuk	6	6	6	0	t
66	2025-01-25 09:02:24.032523+00	2025-01-31 09:37:21.996499+00	Гарниры	-40	7	7	7	14	t
67	2025-01-25 11:25:05.644182+00	2025-01-31 09:37:21.998266+00	Соусы	-41	7	7	7	15	t
47	2024-06-27 06:53:30.257689+00	2024-06-27 06:54:48.576681+00	Golinkiy	golinkiy	6	6	6	0	t
16	2024-04-02 17:01:16.218853+00	2024-06-11 06:51:58.559109+00	Вторые блюда	category-test	1	1	1	3	t
31	2024-04-28 19:11:17.299733+00	2024-06-11 06:52:24.036174+00	test333	test333	1	1	1	0	t
17	2024-04-02 17:01:47.371118+00	2024-05-20 13:31:13.927852+00	Первые блюда	test-test	1	1	1	2	t
27	2024-04-25 18:02:32.029983+00	2024-04-28 20:10:51.515645+00	Блюда на мангале	-15	4	4	4	7	t
51	2024-12-29 13:57:52.181388+00	2025-01-31 09:37:21.961201+00	Завтраки	test	7	7	7	0	t
49	2024-12-10 17:45:09.025026+00	2025-01-24 14:30:42.788017+00	KFC	kfc	5	5	5	0	f
54	2025-01-13 08:25:58.828062+00	2025-01-31 09:37:21.964433+00	Сэндвич	-28	7	7	7	1	t
33	2024-05-30 16:32:55.209306+00	2025-01-24 14:30:42.790326+00	Бургеры	-18	5	5	5	1	t
35	2024-05-30 16:33:29.977625+00	2025-01-24 14:30:42.792488+00	Пицца	-20	5	5	5	2	t
37	2024-05-30 16:33:51.418689+00	2025-01-24 14:30:42.794475+00	Хот-доги	-22	5	5	5	3	t
48	2024-12-07 11:58:30.025378+00	2025-01-24 14:30:42.796752+00	Паста	-27	5	5	5	4	t
34	2024-05-30 16:33:21.336449+00	2025-01-24 14:30:42.799207+00	Салаты	-19	5	5	5	5	t
55	2025-01-13 08:44:59.982579+00	2025-01-31 09:37:21.967004+00	Салаты	-29	7	7	7	2	t
39	2024-05-30 16:34:19.582647+00	2025-01-24 14:30:42.801404+00	Соусы	-23	5	5	5	6	t
56	2025-01-14 09:00:34.981221+00	2025-01-31 09:37:21.969319+00	Супы	-30	7	7	7	3	t
57	2025-01-14 09:26:35.718813+00	2025-01-31 09:37:21.971158+00	Ризотто	-31	7	7	7	4	t
58	2025-01-14 09:32:52.860846+00	2025-01-31 09:37:21.973882+00	Паста	-32	7	7	7	5	t
36	2024-05-30 16:33:38.014142+00	2025-01-24 14:30:42.805644+00	Стейки	-21	5	5	5	8	t
40	2024-05-30 16:34:26.962351+00	2025-01-24 14:30:42.807769+00	Десерты	-24	5	5	5	9	t
59	2025-01-14 11:24:35.387424+00	2025-01-31 09:37:21.976047+00	Блюдо из говядины	-33	7	7	7	6	t
42	2024-06-05 15:36:50.89275+00	2025-01-24 14:30:42.8099+00	Коктейли	-26	5	5	5	10	t
60	2025-01-14 11:47:14.126809+00	2025-01-31 09:37:21.98027+00	Блюдо из курицы	-34	7	7	7	8	t
61	2025-01-14 16:21:37.538376+00	2025-01-31 09:37:21.982637+00	Стейки	-35	7	7	7	9	t
\.


--
-- Data for Name: menu_app_menu; Type: TABLE DATA; Schema: public; Owner: aurora
--

COPY public.menu_app_menu (id, created_time, update_time, name, description, price, photo, is_active, category_id, created_by_id, restaurant_id, update_by_id, availability) FROM stdin;
288	2024-12-10 16:57:28.093836+00	2025-02-19 21:13:26.731657+00	Pasta	\N	50000	Olivia/category/Первое Блюдо/Pasta.jpeg	f	4	\N	3	\N	f
26	2024-03-06 06:55:52.568102+00	2025-02-16 06:27:48.690077+00	Балаза	\N	35000	Olivia/category/Первое Блюдо/Балаза.jpg	t	4	\N	3	\N	t
3	2024-03-06 06:33:14.003427+00	2024-03-06 06:33:46.657862+00	Люла Кебаб	180 г	75000	Olivia/category/Второе Блюдо/Люла_Кебаб.jpg	t	5	\N	3	\N	t
4	2024-03-06 06:33:43.993645+00	2024-03-06 06:33:47.589205+00	Шашлык	185 г	85000	Olivia/category/Второе Блюдо/Шашлык.jpg	t	5	\N	3	\N	t
22	2024-03-06 06:47:51.871095+00	2024-03-06 06:48:37.337928+00	Чай Турецкий	\N	10000	Olivia/category/Напитки/Чай_Турецкий.jpg	t	7	\N	3	\N	t
5	2024-03-06 06:34:52.604426+00	2024-03-06 06:39:47.477024+00	Биф Бургер	150 г	45000	Olivia/category/Бургер/Биф_Бургер.jpg	t	2	\N	3	\N	t
6	2024-03-06 06:35:28.560195+00	2024-03-06 06:39:48.542901+00	Чизбургер	160 г	55000	Olivia/category/Бургер/Чизбургер.jpg	t	2	\N	3	\N	t
7	2024-03-06 06:36:16.649433+00	2024-03-06 06:39:49.36132+00	Чили Бургер	140 г	45000	Olivia/category/Бургер/Чили_Бургер.jpg	t	2	\N	3	\N	t
11	2024-03-06 06:38:28.563955+00	2024-03-06 06:39:49.977592+00	Грилл Бургер	145 г	45000	Olivia/category/Бургер/Грилл_Бургер.png	t	2	\N	3	\N	t
9	2024-03-06 06:37:28.418482+00	2024-04-28 20:11:58.224234+00	Дабл Бургер	140 г	35000	Olivia/category/Бургер/Дабл_Бургер.jpg	t	2	\N	3	\N	t
8	2024-03-06 06:36:41.281703+00	2024-03-06 06:39:52.229993+00	Блэк Бургер	145 г	50000	Olivia/category/Бургер/Блэк_Бургер.jpg	t	2	\N	3	\N	t
12	2024-03-06 06:39:34.410587+00	2024-03-06 06:39:52.73903+00	Шеф Бургер	130 г	30000	Olivia/category/Бургер/Шеф_Бургер.jpg	t	2	\N	3	\N	t
13	2024-03-06 06:43:18.929361+00	2024-03-06 06:45:17.868978+00	Маргарита	145 г	65000	Olivia/category/Пицца/Маргарита.jpg	t	3	\N	3	\N	t
14	2024-03-06 06:44:10.392385+00	2024-03-25 13:35:51.685407+00	Пармезан	160 г	55000	Olivia/category/Пицца/Пармезан.jpg	t	3	\N	3	\N	t
15	2024-03-06 06:44:51.676544+00	2024-03-06 06:45:19.620383+00	Supreme	170 г	75000	Olivia/category/Пицца/Supreme.jpg	t	3	\N	3	\N	t
16	2024-03-06 06:45:15.818065+00	2024-03-06 06:45:19.912274+00	Мясной	175 г	75000	Olivia/category/Пицца/Мясной.jpg	t	3	\N	3	\N	t
28	2024-03-06 06:56:46.853958+00	2025-02-19 21:12:59.192422+00	Лагман	\N	45000	Olivia/category/Первое Блюдо/Лагман.jpeg	f	4	\N	3	\N	t
17	2024-03-06 06:45:44.263611+00	2024-04-28 19:28:46.493404+00	Греческий	45 г	25000	Olivia/category/Салаты/Греческий.jpg	t	6	\N	3	\N	t
27	2024-03-06 06:56:11.684205+00	2024-04-12 13:24:05.120424+00	Солянка	\N	35000	Olivia/category/Первое Блюдо/Солянка.jpg	t	4	\N	3	\N	t
21	2024-03-06 06:47:32.956542+00	2024-03-06 06:47:34.77582+00	Чай Узбекский	\N	10000	Olivia/category/Напитки/Чай_Узбекский.jpg	t	7	\N	3	\N	t
77	2024-04-09 09:24:39.557546+00	2024-04-26 20:22:48.242678+00	Samsung	1234	1000	Pasta House/category/Первые блюда/Samsung.jpeg	t	17	\N	1	\N	t
18	2024-03-06 06:46:12.59659+00	2024-12-28 09:48:21.936264+00	Цезарь	25 г	35000	Olivia/category/Салаты/Цезарь.jpg	t	6	\N	3	\N	t
85	2024-04-25 18:15:43.604341+00	2024-04-25 18:15:46.883425+00	Греческий	\N	55000	Joy Chaikhana/category/Салаты/Греческий.jpeg	t	22	\N	4	\N	t
87	2024-04-25 18:16:55.72153+00	2024-04-25 18:16:58.179682+00	Микс салат с языком	\N	55000	Joy Chaikhana/category/Салаты/Микс_салат_с_языком.jpeg	t	22	\N	4	\N	t
29	2024-03-06 07:01:40.397522+00	2024-03-06 07:03:16.219505+00	Стейк Особуко	200 г	150000	Olivia/category/Второе Блюдо/Стейк_Особуко.jpg	t	5	\N	3	\N	t
30	2024-03-06 07:03:14.402143+00	2024-03-06 07:03:17.205023+00	Стейк	200 г	140000	Olivia/category/Второе Блюдо/Стейк.jpg	t	5	\N	3	\N	t
32	2024-03-06 07:04:49.029014+00	2024-03-06 07:04:51.371719+00	Уйгурский Лагман	0.7	35000	Olivia/category/Второе Блюдо/Уйгурский_Лагман.jpg	t	5	\N	3	\N	t
31	2024-03-06 07:04:00.631811+00	2024-03-06 07:04:52.292577+00	Плов	0.7	25000	Olivia/category/Второе Блюдо/Плов.jpg	t	5	\N	3	\N	t
89	2024-04-25 18:27:37.559688+00	2024-04-25 18:27:39.380099+00	Бичак со шпинатом	\N	30000	Joy Chaikhana/category/Горячие закуски/Бичак_со_шпинатом.jpeg	t	24	\N	4	\N	t
33	2024-03-06 07:11:14.579186+00	2024-03-06 07:13:30.234633+00	Картофель Фри	50 г	15000	Olivia/category/Аппетайзеры/Картофель_Фри.jpg	t	8	\N	3	\N	t
34	2024-03-06 07:11:40.358422+00	2024-03-06 07:13:30.950364+00	Картофель Деревенски	25 г	15000	Olivia/category/Аппетайзеры/По_Деревенски.webp	t	8	\N	3	\N	t
35	2024-03-06 07:12:00.637779+00	2024-03-06 07:13:31.770798+00	Гарлики	25 г	25001	Olivia/category/Аппетайзеры/Гарлики.jfif	t	8	\N	3	\N	t
36	2024-03-06 07:12:32.376767+00	2024-03-06 07:13:32.793615+00	Сырные Шарики	25 г	30000	Olivia/category/Аппетайзеры/Сырные_Шарики.jpg	t	8	\N	3	\N	t
91	2024-04-25 18:28:43.10756+00	2024-04-25 18:28:45.430065+00	Сомса с картошкой	\N	12000	Joy Chaikhana/category/Горячие закуски/Сомса_с_картошкой.jpeg	t	24	\N	4	\N	t
40	2024-03-14 15:49:15.136695+00	2024-03-14 15:49:17.685233+00	White Burger	\N	35000	Olivia/category/Бургер/White_Burger.jpg	t	2	\N	3	\N	t
10	2024-03-06 06:38:07.352675+00	2024-03-14 15:49:37.684826+00	Стейк Бургер	155 г	55000	Olivia/category/Бургер/Стейкхаус.png	t	2	\N	3	\N	t
41	2024-03-14 15:50:15.952594+00	2024-03-14 15:50:18.566265+00	Burger with leaf	\N	40000	Olivia/category/Бургер/Burger_with_leaf.jpg	t	2	\N	3	\N	t
269	2024-06-09 12:25:20.921877+00	2024-06-09 12:25:24.069614+00	Hd	Hx	62	Pasta House/category/test333/Hd.jpeg	t	31	\N	1	\N	f
47	2024-03-25 14:06:04.319934+00	2024-03-25 14:06:06.689304+00	new position	2324	32423890	Pasta House/category/Первое Блюдо/new_position.jpg	t	4	\N	1	\N	t
284	2024-06-27 06:54:38.909687+00	2024-06-27 06:54:48.572629+00	Golenkiy	\N	2000	The Plov/category/Golinkiy/Golenkiy.jpeg	t	47	\N	6	\N	f
49	2024-03-28 16:55:03.420471+00	2024-03-28 16:55:59.638897+00	Дабль Чиз	150 г	45000	Olivia/category/Бургер/Дабль_чиз.webp	t	2	\N	3	\N	t
292	2024-12-10 17:41:16.046228+00	2024-12-10 17:41:25.16829+00	Карбонара	\N	50000	Craft Burger/category/Паста/Карбонара.jpeg	t	48	\N	5	\N	f
173	2024-05-30 18:16:48.910875+00	2025-01-24 10:14:36.889851+00	Макаронс	null	8000	Craft Burger/category/Десерты/Макаронс_QH7VVcn.jpeg	t	40	\N	5	\N	f
293	2024-12-10 17:49:15.715826+00	2025-01-14 13:09:06.287923+00	Крылышки	null	75000	Craft Burger/category/KFC/Крылышки_UyOHpt3.jpeg	f	49	\N	5	\N	f
289	2024-12-10 16:59:53.717583+00	2025-02-19 21:12:54.258967+00	Boloneze	\N	50000	Olivia/category/Первое Блюдо/Boloneze.jpeg	f	4	\N	3	\N	f
307	2025-01-13 08:18:38.646239+00	2025-01-30 07:11:43.11798+00	Сырники с Вареньем	Золотистые творожные шайбочки, политые домашним малиновым вареньем.	24900	Bon Bon/category/Завтраки/Сырники_с_Вареньем_9t1hvn0.jpeg	t	51	\N	7	\N	f
308	2025-01-13 08:20:58.27144+00	2025-01-30 07:13:44.13717+00	Глазунья с сосисками	Классический английский завтрак из жареных куриных яиц и сочных сосисок.	19900	Bon Bon/category/Завтраки/Глазунья_с_сосисками_hBzkpW3.jpeg	t	51	\N	7	\N	f
116	2024-04-27 16:59:07.529598+00	2024-04-27 16:59:12.151692+00	test	test	20002	Pasta House/category/Первые блюда/test.jpeg	t	17	\N	1	\N	t
99	2024-04-25 18:39:37.115691+00	2024-04-25 18:40:18.599231+00	Люля кебаб	\N	65000	Joy Chaikhana/category/Национальная кухня/Люля_кебаб.jpeg	t	26	\N	4	\N	t
100	2024-04-25 18:41:01.740701+00	2024-04-25 18:41:03.558827+00	Кайиш с подливой	\N	50000	Joy Chaikhana/category/Национальная кухня/Кайиш_с_подливой.jpeg	t	26	\N	4	\N	t
84	2024-04-25 18:14:03.388246+00	2024-04-25 18:14:08.323835+00	Шакар об	\N	35000	Joy Chaikhana/category/Салаты/Шакар_об.jpeg	t	22	\N	4	\N	t
86	2024-04-25 18:16:25.22914+00	2024-04-25 18:16:25.229157+00	Цезарь классический	\N	50000	Joy Chaikhana/category/Салаты/Цезарь_классический.jpeg	f	22	\N	4	\N	t
88	2024-04-25 18:17:36.807029+00	2024-04-25 18:17:39.515171+00	Куриное филе в апельсиновом соусе	\N	50000	Joy Chaikhana/category/Салаты/Куриное_филе_в_апельсиновом_соусе.jpeg	t	22	\N	4	\N	t
90	2024-04-25 18:28:09.323608+00	2024-04-25 18:28:11.02377+00	Бичак с мясом	\N	35000	Joy Chaikhana/category/Горячие закуски/Бичак_с_мясом.jpeg	t	24	\N	4	\N	t
92	2024-04-25 18:29:08.834343+00	2024-04-25 18:29:11.056182+00	Сомса с мясом	\N	15000	Joy Chaikhana/category/Горячие закуски/Сомса_с_мясом.jpeg	t	24	\N	4	\N	t
94	2024-04-25 18:32:03.267935+00	2024-04-25 18:32:05.166335+00	Кутабы с зеленью и брынзой	\N	25000	Joy Chaikhana/category/Горячие закуски/Кутабы_с_зеленью_и_брынзой.jpeg	t	24	\N	4	\N	t
93	2024-04-25 18:31:15.754667+00	2024-04-25 18:32:05.913773+00	Чебуреки с мясом	\N	25000	Joy Chaikhana/category/Горячие закуски/Чебуреки_с_мясом.jpeg	t	24	\N	4	\N	t
95	2024-04-25 18:33:23.34067+00	2024-04-25 18:33:26.434871+00	Ханум	\N	50000	Joy Chaikhana/category/Национальная кухня/Ханум.jpeg	t	26	\N	4	\N	t
96	2024-04-25 18:34:39.323002+00	2024-04-25 18:34:42.127247+00	Манты с мясом	\N	40000	Joy Chaikhana/category/Национальная кухня/Манты_с_мясом.jpeg	t	26	\N	4	\N	t
97	2024-04-25 18:37:18.375265+00	2024-04-25 18:37:20.194609+00	Лагман по уйгурски	\N	50000	Joy Chaikhana/category/Национальная кухня/Лагман_по_уйгурски.jpeg	t	26	\N	4	\N	t
98	2024-04-25 18:39:10.09385+00	2024-04-25 18:39:12.218096+00	Жиз по-Бухарски (баранина)	\N	130000	Joy Chaikhana/category/Национальная кухня/Жиз_по-Бухарски_баранина.jpeg	t	26	\N	4	\N	t
101	2024-04-25 18:43:22.092613+00	2024-04-25 18:43:25.965648+00	Дымляма из судака	\N	65000	Joy Chaikhana/category/Национальная кухня/Дымляма_из_судака.jpeg	t	26	\N	4	\N	t
102	2024-04-25 18:43:47.464518+00	2024-04-25 18:43:49.455123+00	Курут оба	\N	65000	Joy Chaikhana/category/Национальная кухня/Курут_оба.jpeg	t	26	\N	4	\N	t
103	2024-04-25 18:44:37.812449+00	2024-04-25 18:44:40.267999+00	Шивит оши	\N	45000	Joy Chaikhana/category/Национальная кухня/Шивит_оши.jpeg	t	26	\N	4	\N	t
104	2024-04-25 19:24:04.883483+00	2024-04-25 19:24:06.395974+00	Шашлык из баранины	\N	55000	Joy Chaikhana/category/Блюда на мангале/Шашлык_из_баранины.jpeg	t	27	\N	4	\N	t
105	2024-04-25 19:24:44.420003+00	2024-04-25 19:24:46.087511+00	Шашлык из говядины	\N	55000	Joy Chaikhana/category/Блюда на мангале/Шашлык_из_говядины.jpeg	t	27	\N	4	\N	t
106	2024-04-25 19:27:14.383817+00	2024-04-25 19:27:16.747617+00	Молотый шашлык	\N	45000	Joy Chaikhana/category/Блюда на мангале/Молотый_шашлык.jpeg	t	27	\N	4	\N	t
109	2024-04-25 19:31:55.85154+00	2024-04-25 19:32:04.372462+00	Форель на мангале	\N	110000	Joy Chaikhana/category/Блюда на мангале/Форель_на_мангале.jpeg	t	27	\N	4	\N	t
108	2024-04-25 19:29:28.91669+00	2024-04-25 19:29:32.876882+00	Колбаски говяжьи	\N	60000	Joy Chaikhana/category/Блюда на мангале/Колбаски_говяжьи.jpeg	t	27	\N	4	\N	t
110	2024-04-25 19:57:42.040782+00	2024-04-25 19:57:45.894444+00	Картошка по деревенски	\N	20000	Joy Chaikhana/category/Гарниры/Картошка_по_деревенски.jpeg	t	28	\N	4	\N	t
111	2024-04-25 19:58:09.612397+00	2024-04-25 19:58:12.114361+00	Картошка фри	\N	20000	Joy Chaikhana/category/Гарниры/Картошка_фри.jpeg	t	28	\N	4	\N	t
112	2024-04-25 19:58:39.375331+00	2024-04-25 19:58:42.917208+00	Медовик	\N	35000	Joy Chaikhana/category/Десерты/Медовик.jpeg	t	29	\N	4	\N	t
113	2024-04-25 19:59:13.890903+00	2024-04-25 19:59:18.007116+00	Чиз-кейк	\N	40000	Joy Chaikhana/category/Десерты/Чиз-кейк.jpeg	t	29	\N	4	\N	t
114	2024-04-25 19:59:46.120486+00	2024-04-25 19:59:48.699172+00	Меренговый рулет	\N	35000	Joy Chaikhana/category/Десерты/Меренговый_рулет.jpeg	t	29	\N	4	\N	t
115	2024-04-25 20:06:57.053522+00	2024-04-25 20:07:35.60649+00	Жиз по уйгурски (говядина)	null	130000	Joy Chaikhana/category/Горячие закуски/Жиз_по_уйгурски_говядина.jpeg	t	24	\N	4	\N	t
117	2024-04-27 17:20:03.156263+00	2024-04-27 17:20:37.251705+00	pasta	\N	20000	Pasta House/category/Первые блюда/pasta.jpeg	t	17	\N	1	\N	t
285	2024-12-07 12:01:26.398177+00	2024-12-07 12:02:04.699429+00	Альфредо	\N	50000	Craft Burger/category/Паста/Альфредо.jpeg	t	48	\N	5	\N	f
297	2024-12-28 09:49:49.287116+00	2024-12-28 09:49:52.259455+00	новый салат	новый	23000	Olivia/category/Салаты/новый_салат.jpeg	t	6	\N	3	\N	f
131	2024-05-30 16:46:22.184355+00	2025-01-13 11:20:20.719658+00	Chicago	Белая булочка,говажья котлета,грибы шампиньоны,сыр хохланд,красный лук,фирменный соус,салатный лист,огурцы,помидор	52000	Craft Burger/category/Бургеры/Chicago_7bHNhud.jpeg	t	33	\N	5	\N	f
152	2024-05-30 17:25:51.014921+00	2024-10-29 08:51:14.249164+00	Мужской каприз	null	35000	Craft Burger/category/Салаты/Мужской_каприз.jpeg	t	34	\N	5	\N	f
134	2024-05-30 16:48:02.856285+00	2025-01-13 11:21:22.390959+00	Double Burger	Белая булочка, двойная котлета, фирменный соус помидор, огурцы (марин.) сыр Хохланд	60000	Craft Burger/category/Бургеры/Double_Burger_5A0nirB.jpeg	t	33	\N	5	\N	f
142	2024-05-30 17:01:54.336563+00	2024-10-29 08:49:05.167871+00	Маргарита	Итальянское тесто, соус мутти, сыр моцарелла,\r\nпомидор, оливки, маслены, черри, болгарский перец.	50000	Craft Burger/category/Пицца/Маргарита.jpeg	t	35	\N	5	\N	f
135	2024-05-30 16:48:49.368935+00	2025-01-13 11:21:45.420504+00	Cheese Burger	Белая булочка, говяжий котлета, фирменный соус, салатный лист\r\nпомидор, огурцы (марин.) Сыр Хохланд	43000	Craft Burger/category/Бургеры/Cheese_Burger_lIbRhWK.jpeg	t	33	\N	5	\N	f
107	2024-04-25 19:28:29.173199+00	2024-04-28 20:10:51.511341+00	Колбаски куриные с сыром	null	1	Joy Chaikhana/category/Блюда на мангале/Колбаски_куриные_с_сыром.jpeg	t	27	\N	4	\N	t
170	2024-05-30 18:14:26.830685+00	2025-01-24 10:13:39.349649+00	Медовик	null	27000	Craft Burger/category/Десерты/Медовик_GAiEvxZ.jpeg	t	40	\N	5	\N	f
140	2024-05-30 16:54:19.689258+00	2025-01-24 10:20:40.022726+00	Болоньезе	Итальянское тесто, соус мутти, сыр моцарелла, фаршированное мясо, оливки,маслены, черри, болгарский перец, грибы шампиньоны.	75000	Craft Burger/category/Пицца/Болоньезе_WIGjlOj.jpeg	t	35	\N	5	\N	f
372	2025-01-24 10:16:33.150423+00	2025-01-24 10:16:42.393253+00	Чизкейк	\N	38000	Craft Burger/category/Десерты/Чизкейк.jpeg	t	40	\N	5	\N	f
154	2024-05-30 17:44:22.109489+00	2025-01-24 10:23:53.248302+00	Сырные палочки	null	15000	Craft Burger/category/Side-dish/Сырные_палочки_8QCPatv.jpeg	t	38	\N	5	\N	f
155	2024-05-30 17:45:03.669654+00	2025-01-24 10:24:27.754655+00	По деревенски	null	19000	Craft Burger/category/Side-dish/По_деревенски_fStztr6.jpeg	t	38	\N	5	\N	f
147	2024-05-30 17:21:12.394416+00	2024-10-29 08:50:56.458214+00	Греческий	null	35000	Craft Burger/category/Салаты/Греческий.jpeg	t	34	\N	5	\N	f
321	2025-01-13 11:07:31.291185+00	2025-01-24 10:25:30.749523+00	Чай с лимоном	\N	10000	Craft Burger/category/Напитки/Чай_с_лимоном.jpeg	t	41	\N	5	\N	f
162	2024-05-30 17:56:38.260412+00	2025-01-24 10:26:27.124307+00	Coca Cola	1.5L	16500	Craft Burger/category/Напитки/Coca_Cola_QtC4lKz.jpeg	t	41	\N	5	\N	f
305	2025-01-13 08:13:46.992641+00	2025-01-30 06:54:37.172885+00	Шакшука	Восточное блюдо из яиц, жареных в соусе из сладкого и острого перца, томатов, лука и чеснок.	30000	Bon Bon/category/Завтраки/Шакшука_7f3G6kh.jpeg	t	51	\N	7	\N	f
161	2024-05-30 17:52:42.449125+00	2024-10-29 08:50:03.368996+00	Медальон	null	120000	Craft Burger/category/Стейки/Медальон.jpeg	t	36	\N	5	\N	f
396	2025-01-30 08:50:08.217289+00	2025-01-31 09:24:48.559261+00	Соус Тар-Тар	null	4900	Bon Bon/category/Соусы/Соус_Тар-Тар_pC0UYuB.jpeg	t	67	\N	7	\N	f
290	2024-12-10 17:30:54.737963+00	2025-02-19 21:12:55.213731+00	Болоньезе	\N	50000	Olivia/category/Первое Блюдо/Болоньезе.jpeg	f	4	\N	3	\N	f
166	2024-05-30 18:08:49.821151+00	2025-01-13 10:58:49.19863+00	Спартак	null	35000	Craft Burger/category/Десерты/Спартак_OCSh8rX.jpeg	t	40	\N	5	\N	f
397	2025-01-30 08:51:26.003101+00	2025-01-31 09:26:50.840402+00	Соус Аврора	null	4900	Bon Bon/category/Соусы/Соус_Аврора_QOqp5SR.jpeg	t	67	\N	7	\N	f
120	2024-04-28 19:27:34.976341+00	2024-06-10 05:08:26.206457+00	Маффин	12 гр	12000	Olivia/category/Десерты/Маффин_FZt1pRv.jpeg	t	32	\N	3	\N	f
150	2024-05-30 17:24:54.94982+00	2024-12-07 12:21:18.439849+00	Цезарь	null	35000	Craft Burger/category/Салаты/Цезарь.jpeg	t	34	\N	5	\N	f
279	2024-06-11 06:49:05.804916+00	2024-06-11 06:51:58.554927+00	Plov112	null	312	Pasta House/category/Вторые блюда/Plov_AB3wWnC.jpeg	t	16	\N	1	\N	f
294	2024-12-10 20:33:20.00093+00	2024-12-10 20:33:28.600656+00	Бон филе	\N	110000	Craft Burger/category/Стейки/Бон_филе.jpeg	t	36	\N	5	\N	f
165	2024-05-30 18:08:05.325279+00	2025-01-13 10:58:26.051331+00	Морковный	null	35000	Craft Burger/category/Десерты/Морковный_cbZPOKI.jpeg	t	40	\N	5	\N	f
168	2024-05-30 18:10:58.234242+00	2025-01-13 10:59:45.410857+00	Опера	null	25000	Craft Burger/category/Десерты/Опера_OkeIT85.jpeg	t	40	\N	5	\N	f
167	2024-05-30 18:10:02.916875+00	2025-01-13 10:59:20.873391+00	Захер	null	25000	Craft Burger/category/Десерты/Захер_8DLSWn6.jpeg	t	40	\N	5	\N	f
169	2024-05-30 18:11:45.160226+00	2025-01-13 11:00:24.848835+00	Прага	null	25000	Craft Burger/category/Десерты/Прага_lLNYowZ.jpeg	t	40	\N	5	\N	f
320	2025-01-13 11:03:30.928463+00	2025-01-13 11:03:34.538126+00	Чай фруктовый	\N	25000	Craft Burger/category/Напитки/Чай_фруктовый.jpeg	t	41	\N	5	\N	f
158	2024-05-30 17:49:54.575556+00	2024-05-30 17:49:57.306422+00	Барбекью	\N	6000	Craft Burger/category/Соусы/Барбекью.jpeg	t	39	\N	5	\N	f
153	2024-05-30 17:26:59.522405+00	2024-05-30 17:27:04.285533+00	Стейк салат	\N	45000	Craft Burger/category/Салаты/Стейк_салат.jpeg	t	34	\N	5	\N	f
156	2024-05-30 17:46:36.748732+00	2024-05-30 17:46:40.343658+00	Чесночный	\N	6000	Craft Burger/category/Соусы/Чесночный.jpeg	t	39	\N	5	\N	f
157	2024-05-30 17:48:13.610201+00	2024-05-30 17:48:44.771359+00	Сырный	\N	6000	Craft Burger/category/Соусы/Сырный.jpeg	t	39	\N	5	\N	f
159	2024-05-30 17:50:40.746083+00	2024-05-30 17:50:43.32087+00	Томатный	\N	6000	Craft Burger/category/Соусы/Томатный.jpeg	t	39	\N	5	\N	f
164	2024-05-30 18:07:15.519852+00	2024-05-30 18:56:46.893641+00	Сан-Себастьян	\N	40000	Craft Burger/category/Десерты/Сан-Себастьян_Ok6pFKB.jpeg	t	40	\N	5	\N	f
129	2024-05-30 16:38:40.974799+00	2025-01-13 11:19:28.510941+00	Steak Burger	Белая булочка, говяжья вырезка, барбекю соус фирменный соус, салатный лист, помидор, огурцы(марин)	60000	Craft Burger/category/Бургеры/Steak_Burger_BglIRLk.jpeg	t	33	\N	5	\N	f
132	2024-05-30 16:46:53.724142+00	2025-01-13 11:20:41.164275+00	Mushroom	Белая булочка, говяжий котлета, грибы шампиньоны красный лук,фирменный соус, салатный лист, помидор, огурцы (марин)	49000	Craft Burger/category/Бургеры/Mushroom_VVFcj8r.jpeg	t	33	\N	5	\N	f
133	2024-05-30 16:47:19.309246+00	2025-01-13 11:21:02.348656+00	Chicken	Белая булочка, куриная грудка, фирменный соус, салатный лист,соус карри, помидор, огурцы (марин.)	39000	Craft Burger/category/Бургеры/Chicken_cKw1ojr.jpeg	t	33	\N	5	\N	f
136	2024-05-30 16:49:53.323448+00	2025-01-13 11:22:03.947393+00	Classic	Белая булочка, говяжий котлета, красный лук, фирменный соус салатный лист, помидор, огурцы (марин.)	39000	Craft Burger/category/Бургеры/Classic_mUq6tUx.jpeg	t	33	\N	5	\N	f
174	2024-05-30 18:18:16.718376+00	2025-01-13 11:02:16.670369+00	Эстерхази фисташка	null	35000	Craft Burger/category/Десерты/Эстерхази_фисташка_PZ1PZCs.jpeg	t	40	\N	5	\N	f
175	2024-05-30 18:19:08.940929+00	2025-01-24 10:15:16.47787+00	Птичье молоко	null	25000	Craft Burger/category/Десерты/Птичье_молоко_iWQcktI.jpeg	t	40	\N	5	\N	f
172	2024-05-30 18:16:13.050374+00	2025-01-13 11:01:39.425392+00	Наполеон	null	27000	Craft Burger/category/Десерты/Наполеон_NAcumoY.jpeg	t	40	\N	5	\N	f
139	2024-05-30 16:52:19.356889+00	2025-01-24 10:20:02.615969+00	Комбо	Итальянское тесто, соус мутти, сыр моцарелла, копченая индейка, прессованное мясо,\r\n70.000\r\nколбаски пепперони, оливки, маслены, черри, болгарский перец грибы шампиньоны.	77000	Craft Burger/category/Пицца/Комбо_pNFPQJ4.jpeg	t	35	\N	5	\N	f
186	2024-06-03 15:56:50.954122+00	2025-01-13 11:14:36.031891+00	Double	null	33000	Craft Burger/category/Хот-доги/Double_N1Kd9h1.jpeg	t	37	\N	5	\N	f
141	2024-05-30 16:55:18.282964+00	2025-01-24 10:21:15.293669+00	Сhicken	Итальянское тесто, соус мутти, сыр моцарелла, куриный филе,оливки,маслены,черри,болгарский перец,грибы шампиньоны	70000	Craft Burger/category/Пицца/Сhicken_NrhsDqD.jpeg	t	35	\N	5	\N	f
143	2024-05-30 17:02:40.942691+00	2025-01-24 10:22:10.157844+00	Craft	Итальянское тесто, соус мутти, сыр моцарелла, говяжья вырезка, оливки, маслены, черри, болгарский перец, грибы шампиньоны:	82000	Craft Burger/category/Пицца/Craft_DWiaAub.jpeg	t	35	\N	5	\N	f
144	2024-05-30 17:03:23.155767+00	2025-01-24 10:22:38.569211+00	Пепперони	Итальянское тесто, соус мутти, сыр моцарелла, колбаски пепперони, оливки, маслены,	70000	Craft Burger/category/Пицца/Пепперони_9AI1rnm.jpeg	t	35	\N	5	\N	f
187	2024-06-03 16:01:57.150758+00	2025-01-24 10:24:55.468747+00	Фри	null	18000	Craft Burger/category/Side-dish/Фри_uEOOOFC.jpeg	t	38	\N	5	\N	f
325	2025-01-14 09:04:44.078934+00	2025-01-30 07:27:04.785508+00	Крем суп чечевичный	Популярное блюдо турецкой кухни является постным по составу, нейтральным по вкусу, который приправляют лимонным соком или пряным соусом-заправкой из растопленного масла и молотого острого перца.	24900	Bon Bon/category/Супы/Крем_суп_чечевичный.jpeg	t	56	\N	7	\N	f
298	2024-12-29 13:58:29.400943+00	2025-01-30 06:46:59.149754+00	Нежный омлет с моцареллой	Простой завтрак в итальянском стиле из пышного омлета и тягучего сыра моцарелла.	19900	Bon Bon/category/Завтраки/Нежный_омлет_с_моцареллой.jpeg	t	51	\N	7	\N	f
306	2025-01-13 08:16:10.759945+00	2025-01-30 07:10:14.253956+00	Блины домашние	Ажурные блинчики со вкусом дома. \r\nПодаются с нежной сметаной, натуральном мёдом и джемом.	20000	Bon Bon/category/Завтраки/Блины_домашние_q7S57xB.jpeg	t	51	\N	7	\N	f
299	2025-01-12 07:43:23.193011+00	2025-02-19 21:12:52.595859+00	Pasta	нфавпрфыдвпыфлв	12000	Olivia/category/Первое Блюдо/Pasta.png	f	4	\N	3	\N	f
398	2025-01-30 08:51:57.957448+00	2025-01-31 09:27:51.22577+00	Соус чили	null	3000	Bon Bon/category/Соусы/Соус_чили_0R2YvDv.jpeg	t	67	\N	7	\N	f
191	2024-06-05 15:40:21.197491+00	2024-06-05 15:40:26.866771+00	Айс tea	\N	14000	Craft Burger/category/Коктейли/Айс_tea.jpeg	t	42	\N	5	\N	f
192	2024-06-05 15:47:48.059306+00	2024-06-05 15:47:56.694421+00	Апельсиновый фреш	\N	18000	Craft Burger/category/Коктейли/Апельсиновый_фреш.jpeg	t	42	\N	5	\N	f
193	2024-06-06 10:37:44.657124+00	2024-06-06 10:38:01.703367+00	Разливная кола	400 мл	6000	Craft Burger/category/Напитки/Разливная_кола.jpeg	t	41	\N	5	\N	f
283	2024-06-27 06:36:23.699313+00	2024-06-27 06:36:40.06637+00	Sveji	\N	2000	The Plov/category/Achiq-chuchuk/Sveji.jpeg	t	46	\N	6	\N	f
189	2024-06-05 15:37:27.111995+00	2024-10-29 08:53:08.30079+00	Мохито клубничный	null	25000	Craft Burger/category/Коктейли/Мохито_клубничный_LIWL3Kb.jpeg	t	42	\N	5	\N	f
209	2024-06-08 13:16:21.15478+00	2024-10-29 08:50:44.760189+00	Student хот дог	null	35000	Craft Burger/category/Хот-доги/Student_хот_дог_Ee8mh8J.jpeg	t	37	\N	5	\N	f
190	2024-06-05 15:38:13.022369+00	2024-10-29 08:53:27.152385+00	Мохито	\N	20000	Craft Burger/category/Коктейли/Мохито_KnFokSf.jpeg	t	42	\N	5	\N	f
291	2024-12-10 17:39:54.150578+00	2024-12-10 17:39:58.228119+00	Болоньезе	\N	50000	Craft Burger/category/Паста/Болоньезе_HTq0bio.jpeg	t	48	\N	5	\N	f
295	2024-12-10 20:36:56.69214+00	2024-12-10 20:37:06.018368+00	Куриный Стейк	\N	50000	Craft Burger/category/Стейки/Куриный_Стейк.jpeg	t	36	\N	5	\N	f
213	2024-06-09 06:07:39.545665+00	2024-06-09 06:08:20.420809+00	26	Aywy	132	Pasta House/category/test333/262.jpeg	t	31	\N	1	\N	f
130	2024-05-30 16:45:00.385176+00	2025-01-13 11:19:54.223831+00	Super Burger	Белая булочка,говяжья котлета,фирменный соус,салатный лист,болгарский перец, помидоры, огурцы (марин.), острый перец, лук порей.	42000	Craft Burger/category/Бургеры/Super_Burger_pE1pTiC.jpeg	t	33	\N	5	\N	f
342	2025-01-14 16:14:51.893668+00	2025-01-30 08:25:30.411785+00	Куриные котлеты с соусом тар-тар	Куриные котлеты, подаются в сливочном соусе тар-тар и гарниром из нежного пюре и рассыпчатого риса.	34900	Bon Bon/category/Блюдо из курицы/Куриные_котлеты_с_соусом_тар-тар.jpeg	t	60	\N	7	\N	f
330	2025-01-14 09:26:10.978472+00	2025-01-30 07:36:39.788813+00	Сырный	Питательный суп, основным компонентом которого является плавленый сыра. \r\nДополняется он нежными шампиньонами и кубиками сладкого картофеля.	29900	Bon Bon/category/Супы/Сырный_YhKpnyO.jpeg	t	56	\N	7	\N	f
334	2025-01-14 11:21:22.176145+00	2025-01-30 07:45:56.526569+00	Карбонара	Спагетти с мелкими кусочками копченого мяса, смешанные с соусом из яиц, сыра пармезан и свежемолотого чёрного перца.	39900	Bon Bon/category/Паста/Карбонара_us54Zru.jpeg	t	58	\N	7	\N	f
338	2025-01-14 11:44:48.970375+00	2025-01-30 07:58:57.708622+00	Нуто-Мясо с Пюре	Филе Говядины, Горох Узбекский, Красный Перец, Огурцы Свежие, Масло Чесночное, Масло Растительное, Соус, Специи.\r\nНа Гарнир домашнее пюре.	49900	Bon Bon/category/Блюдо из говядины/Нуто-Мясо_с_Пюре_Gewv1FM.jpeg	t	59	\N	7	\N	f
346	2025-01-14 16:31:08.004107+00	2025-01-30 08:31:29.42012+00	Стейк Бон Филе с Грибами	Нежный, классический стейк с добавлением сливочного соуса и нежных шампиньонов подается на блюде, украшенном домашним картофельным пюре.	119900	Bon Bon/category/Стейки/Стейк_Бон_Филе_с_Грибами_xY6yxJz.jpeg	t	61	\N	7	\N	f
350	2025-01-19 13:23:00.783117+00	2025-01-30 08:37:40.866551+00	Стейк куриный	Низкокалорийный стейк из куриной грудки, маринованной в пряных специях подается с соусом на выбор.	34900	Bon Bon/category/Стейки/Стейк_куриный_5aaa4iL.jpeg	t	61	\N	7	\N	f
353	2025-01-19 14:35:20.555933+00	2025-01-30 08:43:03.8679+00	Стейк Рыбой	Стейк, отличающийся богатым вкусом готовится из вырезки Рыбой без кости, прожаренной по классической технологии, гарнируется данное блюдо картофельным пюре.	119900	Bon Bon/category/Стейки/Стейк_Рыбой_HpM7LPJ.jpeg	t	61	\N	7	\N	f
356	2025-01-19 14:46:59.843665+00	2025-01-30 08:46:41.342441+00	ЧизСтейк Чиккен	Тонкие ломтики куриного филе, покрытые плавленым сыром Моцарелла, Сырным соусом и соусом Тар Тар подаются в хрустящей булочке, Начиненной золотистыми шампиньонами и колечками репчатого лука.	35000	Bon Bon/category/Стейки/ЧизСтейк_Чиккен_g28lGWC.jpeg	t	61	\N	7	\N	f
359	2025-01-19 14:57:27.420588+00	2025-01-30 14:37:39.665828+00	Классический Хот Дог	Сырная жареная сосиска, подается в разрезе булочки, начиненной салатом и чесночным соусом.	25000	Bon Bon/category/Хот дог/Классический_Хот_Дог_2pcOxtV.jpeg	t	62	\N	7	\N	f
362	2025-01-19 15:18:13.428114+00	2025-01-30 14:41:42.990854+00	Мисс Дейзи	Бесподобный бургер с добавлением соусом Аврора между булочками, посыпанными кунжутом аккуратно разложены говяжья котлета, карамелизованный шампиньоны, свежие листья шпината и салата.	39900	Bon Bon/category/Бургеры/Мисс_Дейзи_QpQtiFH.jpeg	t	63	\N	7	\N	f
365	2025-01-19 15:37:07.428488+00	2025-01-30 14:49:33.194141+00	Трюфель	Бургер с нотками французской кузни. Сочный бифштекс из говядины, низко-калорийное куриное филе, два нежных ломтика сыра и листовой салат под горчичным уступом на свежеиспеченной булочке.	44900	Bon Bon/category/Бургеры/Трюфель_KGWaGIl.jpeg	t	63	\N	7	\N	f
369	2025-01-20 15:59:56.542384+00	2025-01-30 17:00:40.182864+00	Барракуда	Пицца в Американском стиле готовится на толстом тесте. В основу начинки входит говяжье и куриное мясо, а также говяжий язык от соусом Италия с оливковым маслом.	129900	Bon Bon/category/Пицца Американская/Барракуда_n05IZ9i.jpeg	t	64	\N	7	\N	f
375	2025-01-25 07:31:36.299598+00	2025-01-31 07:24:48.799498+00	Сырный квартет	Мега сырная пицца из 4 видов сыра.	129900	Bon Bon/category/Пицца Американская/Сырный_квартет_pt3FpsG.jpeg	t	64	\N	7	\N	f
322	2025-01-13 15:07:37.738169+00	2025-01-30 07:18:00.200678+00	Сезонный	Сочетание свежий овощей и зелени с говяжьей вырезкой заправляется оливковым маслом и украшается белым кнжутом.	29900	Bon Bon/category/Салаты/Сезонный_o9kp8ij.jpeg	t	55	\N	7	\N	f
314	2025-01-13 08:43:55.055015+00	2025-01-26 09:19:10.394188+00	Bubble Сэндвич с Индейкой	Низкокалорийное филе индейки, подается под нежным сыром Хохланд, между двумя хрустящими вафлями с начинкой из свежих огурцов и томатов под особым соусом.	45000	Bon Bon/category/Сэндвич/Bubble_Сэндвич_с_Индейкой_hk964Cp.jpeg	t	54	\N	7	\N	f
312	2025-01-13 08:35:01.179113+00	2025-01-26 09:17:37.227241+00	Сэндвич с мясом	Мясной сэндвич готовится из жареного говяжьего филе, уложенного в ломтики мягкого хлеба из тостов и покрыто сливочной брынзой и копчёным сыром.	29900	Bon Bon/category/Сэндвич/Сэндвич_с_мясом_yKS0tz8.jpeg	t	54	\N	7	\N	f
313	2025-01-13 08:39:50.488705+00	2025-01-26 09:19:24.653895+00	Bubble Сэндвич с Курицей	Сэндвич из свежеиспеченных ломтиков вафли, начиненный листьями салата, обжаренным куриным филе, сочными томатами и огурцом, плавленым сыром моцарелла, заправляется фирменным соусом.	40000	Bon Bon/category/Сэндвич/Bubble_Сэндвич_с_Курицей_MgcRuiZ.jpeg	t	54	\N	7	\N	f
315	2025-01-13 08:47:48.439753+00	2025-01-26 10:16:05.218035+00	Бон Бон	Салат, приготовленный по фирменному рецепту нашего кафе.\r\nВсе ингредиенты выложены слоями и украшены хрустящим картофельным паем.	24900	Bon Bon/category/Салаты/Бон_Бон.jpeg	t	55	\N	7	\N	f
318	2025-01-13 08:58:25.365101+00	2025-01-26 10:23:29.758761+00	Цезарь	Сытных салат из свежих листьев Айсберга большого куска нежной Куриной грудки, долек помидора, заправленный легким соусом Цезарь и посыпан сухариками из тостов и сыром Пармезан.	34900	Bon Bon/category/Салаты/Цезарь.jpeg	t	55	\N	7	\N	f
316	2025-01-13 08:50:42.071985+00	2025-01-26 10:16:47.473642+00	Мэри	Куриный салат представляет собой сочетание свежих помидоров и разбавлены хрустящими огурцами и отварным картофелем.	27900	Bon Bon/category/Салаты/Мэри_Bfa4wlV.jpeg	t	55	\N	7	\N	f
317	2025-01-13 08:53:32.688914+00	2025-01-26 10:17:23.176274+00	Оливье	Советский салат из кубиков вареной колбасы, картофеля, моркови, консервированного горошка, дополненный классическими специями и майонезом провансаль.	19900	Bon Bon/category/Салаты/Оливье_kSWJnIE.jpeg	t	55	\N	7	\N	f
310	2025-01-13 08:25:31.48562+00	2025-01-30 06:55:07.185717+00	Баварский	Говяжий фарш с сыром, картофель фри по-Американски и ломтики колбасы.	34900	Bon Bon/category/Завтраки/Баварский_c4w1XTM.jpeg	t	51	\N	7	\N	f
309	2025-01-13 08:23:36.69336+00	2025-01-30 07:14:51.842128+00	Драники	Национальное Белорусское блюдо из смеси натертого картофелья и муки сочетаются с домашней сметаной и сезонным салатом.	24900	Bon Bon/category/Завтраки/Драники_SsRVbZw.jpeg	t	51	\N	7	\N	f
319	2025-01-13 09:08:02.873905+00	2025-01-30 07:16:40.048623+00	Le Bonnet	Низкокалорийный салат из свежей рукколы и кусочков сыра, заправляется соусом от Шеф "а" и имеет легкую кистинку за счёт свежих долек апельсина.	34900	Bon Bon/category/Салаты/Le_Bonnet_zMj4JV0.jpeg	t	55	\N	7	\N	f
327	2025-01-14 09:13:21.764916+00	2025-01-30 07:30:38.413916+00	Суп Куриный	Суп из домашней курицы, сваренной на медленном огне в бульоне с дополнениями из кубиков картофеля и моркови приправленный восточными специями.	24900	Bon Bon/category/Супы/Суп_Куриный_Deh6x5G.jpeg	t	56	\N	7	\N	f
331	2025-01-14 09:30:28.596568+00	2025-01-30 07:40:49.21411+00	Ризотто с курицей	Блюдо из риса и курицы с добавлением овощей и приправ готовится на сковороде.	29900	Bon Bon/category/Ризотто/Ризотто_с_курицей_zVYfTlM.jpeg	t	57	\N	7	\N	f
335	2025-01-14 11:24:14.688955+00	2025-01-30 07:49:13.320391+00	Альфреда с курицей	Итальянское блюдо из пасты Феттучини, смешанной со сливочным соусом молодым сыром пармезан и грибами.	49900	Bon Bon/category/Паста/Альфреда_с_курицей_IGz0tiT.jpeg	t	58	\N	7	\N	f
339	2025-01-14 11:46:19.46372+00	2025-01-30 08:06:30.970715+00	Бризоль	Блюдо представляет собой тонкий яичный блинчик с начинкой из фарша внутри.	39900	Bon Bon/category/Блюдо из говядины/Бризоль_BMJQkT9.jpeg	t	59	\N	7	\N	f
343	2025-01-14 16:17:36.385061+00	2025-01-30 08:27:31.801603+00	Фрикасе	Филе Курицы, Сливки, Помидор, Брокколи, Цветная Капуста, Лук, Репчатый, Специи.\r\nНа Гарнир Пюре картофельный.	39900	Bon Bon/category/Блюдо из курицы/Фрикасе_e1l7V15.jpeg	t	60	\N	7	\N	f
366	2025-01-19 15:39:31.003276+00	2025-01-30 14:51:18.052495+00	Месть Мясника	Фирменная булочка, две сочные говяжьи котлеты, пресная брынза и сырный соус сочетаются в этом бургере.	49900	Bon Bon/category/Бургеры/Месть_Мясника_LC4CqUN.jpeg	t	63	\N	7	\N	f
163	2024-05-30 18:06:22.24644+00	2025-01-13 10:56:43.959636+00	Прага манго персик	null	35000	Craft Burger/category/Десерты/Прага_манго_персик_UnF1nZu.jpeg	t	40	\N	5	\N	f
171	2024-05-30 18:15:23.295381+00	2025-01-13 11:01:12.395515+00	Шоколадный вулкан	null	40000	Craft Burger/category/Десерты/Шоколадный_вулкан_BOuT01w.jpeg	t	40	\N	5	\N	f
328	2025-01-14 09:18:21.512508+00	2025-01-30 07:31:54.428035+00	Фрикадельки	Основу супу с фрикадельками составляет мясной бульон, который завершают овощи, но главные герои этого легко супа являются мясные фрикадельки.	24900	Bon Bon/category/Супы/Фрикадельки.jpeg	t	56	\N	7	\N	f
373	2025-01-24 10:17:24.585259+00	2025-01-24 10:17:39.914871+00	Клубничный Розалин	\N	46000	Craft Burger/category/Десерты/Клубничный_Розалин.jpeg	t	40	\N	5	\N	f
138	2024-05-30 16:51:33.674169+00	2025-01-24 10:18:52.748603+00	Масклс	Итальянское тесто,соус мутти, сыр моцарелла, фаршированное мясо, бон филе, сыр хохланд, оливки,маслены, черри, болгарский перец, грибы шампиньоны.	90000	Craft Burger/category/Пицца/Масклс.jpeg	t	35	\N	5	\N	f
332	2025-01-14 09:32:41.255109+00	2025-01-30 07:41:48.124096+00	Ризотто с говядиной	Необычайно вкусное блюдо с кусочками мяса, которое пропитано специями и ароматом риса с сыром пармезан.	29900	Bon Bon/category/Ризотто/Ризотто_с_говядиной_YhuuoRG.jpeg	t	57	\N	7	\N	f
336	2025-01-14 11:38:51.316769+00	2025-01-30 07:54:32.04511+00	Великий Чингисхан	Мясо говядины, Картофель запечённый, Лук репчатый, Имбирь свежий, Чеснок, Зелень, Соевый соус, Масло растительное, Специи.	49900	Bon Bon/category/Блюдо из говядины/Великий_Чингисхан_LyHV05e.jpeg	t	59	\N	7	\N	f
340	2025-01-14 11:51:18.700775+00	2025-01-30 08:21:08.185506+00	Ордзотто с куриной грудкой	Блюдо похожее на ризотто, но приготовленное из перловой крупы вместо риса. Томленая перловая крупа с легким послевкусием копченостей и волшебным ароматом специи.	49900	Bon Bon/category/Блюдо из курицы/Ордзотто_с_куриной_грудкой_fsVmnvh.jpeg	t	60	\N	7	\N	f
344	2025-01-14 16:23:53.137013+00	2025-01-30 08:29:03.246913+00	Стейк куриный с овощами	Низкокалорийный стейки из куриной грудки, маринованной в пряных специях подается с овощами на гриле.	49900	Bon Bon/category/Стейки/Стейк_куриный_с_овощами_R6kbKd6.jpeg	t	61	\N	7	\N	f
348	2025-01-19 13:15:57.114006+00	2025-01-30 08:34:55.362304+00	Колбаски на мангале	Мюнхенский колбаски с дымком, гарнированные поджаристой луковым паем в сочетании с красной капусты и деликатным картофельным пюре.	44900	Bon Bon/category/Стейки/Колбаски_на_мангале_N7IEYEC.jpeg	t	61	\N	7	\N	f
351	2025-01-19 14:28:33.992342+00	2025-01-30 08:39:01.269849+00	Стейк Бон филе	Крупный кусок мяса на Т-образной кости, с мягкой вырезкой на одной стороне и большой и насыщенный частью на другой дополняется пропечённым картофелем по-деревенски и миксом из сезонного салата.	124900	Bon Bon/category/Стейки/Стейк_Бон_филе_01en5B7.jpeg	t	61	\N	7	\N	f
354	2025-01-19 14:38:36.572041+00	2025-01-30 08:44:52.438957+00	ЧизСтейк Филадельфия	Кусочки сочного поджаренного стейк с овощами и луком в сыре Моцарелла на подложке из хрустящей булочки.	40000	Bon Bon/category/Стейки/ЧизСтейк_Филадельфия_YH489WB.jpeg	t	61	\N	7	\N	f
357	2025-01-19 14:50:29.30778+00	2025-01-30 08:48:11.018197+00	ЧизСтейк с Фаршем	Нежный говяжий фарш, обжаренный с луком, покрытый сливочной Моцареллой в хрустящих хлебных ломтиках, приправленных пикантным соусом Италия и Сырным соусом.	40000	Bon Bon/category/Стейки/ЧизСтейк_с_Фаршем_jwlLLTF.jpeg	t	61	\N	7	\N	f
394	2025-01-30 08:49:07.078518+00	2025-01-31 09:23:09.522111+00	Соус сырный	null	4900	Bon Bon/category/Соусы/Соус_сырный.jpeg	t	67	\N	7	\N	f
363	2025-01-19 15:30:59.050053+00	2025-01-30 14:44:27.593361+00	Папа Бургер	Большой и сытный бургер с сочной говяжьей котлетой, ломтиком сыра салатными листьями и маринованного огурчиками в узбекской лепешке.	39900	Bon Bon/category/Бургеры/Папа_Бургер_16yIRNd.jpeg	t	63	\N	7	\N	f
367	2025-01-19 15:46:01.287521+00	2025-01-30 14:53:39.69674+00	Классический	Бургер, приготовленный по классическому рецепту. Пшеничная булочка, котлета из 100% говядины, свежие овощи и заправка из микста кетчупа и майонеза.	29900	Bon Bon/category/Бургеры/Классический_OH7Z9Tm.jpeg	t	63	\N	7	\N	f
370	2025-01-20 16:02:08.890672+00	2025-01-30 17:03:00.188994+00	Большой гриб	Ароматная пицца, имеющая в своем составе большое количество Грибов, посыпана натертой моцареллой и запечена до золотистой корочки.	129900	Bon Bon/category/Пицца Американская/Большой_гриб_wkPBdWJ.jpeg	t	64	\N	7	\N	f
376	2025-01-25 07:34:35.672982+00	2025-01-31 07:26:29.815585+00	Охотничья	Острая пицца на соусе из свежих помидоров с охотничьими колбасками, колбасками пепперони, оливками и на толстом тесте.	129900	Bon Bon/category/Пицца Американская/Охотничья_WTz3Tnj.jpeg	t	64	\N	7	\N	f
399	2025-01-30 08:52:18.703761+00	2025-01-31 09:28:49.872583+00	Кетчуп	null	3000	Bon Bon/category/Соусы/Кетчуп_bkBWbzJ.jpeg	t	67	\N	7	\N	f
145	2024-05-30 17:05:07.899613+00	2025-01-13 11:14:15.301878+00	Хот-Дог	null	26000	Craft Burger/category/Хот-доги/Хот-Дог_iw7TKfn.jpeg	t	37	\N	5	\N	f
128	2024-05-30 16:37:36.352097+00	2025-01-13 11:19:05.025156+00	Craft	Белая булочка, Кусочки бон филе Пресс мясо,фирменный соус,салатный лист, помидор, огурцы (марини	52000	Craft Burger/category/Бургеры/Craft_GW67c6v.jpeg	t	33	\N	5	\N	f
137	2024-05-30 16:50:59.508529+00	2025-01-24 10:18:46.923006+00	4 cезона	Итальянское тесто, соус мутти, сыр моцарелла, куриный филе ,фаршированное мясо, колбаски пепперони, оливки, маслены, помидоры, болгарский перец, грибы шампиньоны.	77000	Craft Burger/category/Пицца/4_cезона_fccLrah.jpeg	t	35	\N	5	\N	f
296	2024-12-10 20:37:49.871884+00	2025-01-14 13:09:09.798776+00	Куриный филе	null	80000	Craft Burger/category/KFC/Куриный_филе_XFsbm7o.jpeg	f	49	\N	5	\N	f
374	2025-01-24 14:31:36.913695+00	2025-01-24 14:31:46.396897+00	Куриные наггетсы	\N	20000	Craft Burger/category/Side-dish/Куриные_наггетсы.jpeg	t	38	\N	5	\N	f
329	2025-01-14 09:23:01.291049+00	2025-01-30 07:34:40.92235+00	Солянка	В сборной мясной солянке используется несколько видов мяса, и готовится такой суп порционных керамических горшочках в духовом шкафу.	29900	Bon Bon/category/Супы/Солянка_8dlRFIy.jpeg	t	56	\N	7	\N	f
333	2025-01-14 11:18:33.71693+00	2025-01-30 07:43:18.505034+00	Болоньезе	Основой блюда является соус Болонье, Густой томатно-мясной соус с овощами, который подается с пастой  тольятелле.	34900	Bon Bon/category/Паста/Болоньезе_Ycee2M0.jpeg	t	58	\N	7	\N	f
337	2025-01-14 11:41:46.877608+00	2025-01-30 07:56:48.494005+00	Мясо в сметанном соусе	Филе говядины, Грибы Шампиньоны, Сливки, Сметана, Картофельное пюре, Масло растительное, Лук репчатый, Зелень, Специи.	44900	Bon Bon/category/Блюдо из говядины/Мясо_в_сметанном_соусе_677u62K.jpeg	t	59	\N	7	\N	f
341	2025-01-14 14:53:04.006323+00	2025-01-30 08:22:32.742026+00	Бедро с шампиньонами	Фламбированное  в белом сухом вине куриное бедрышко в дуете с шампиньонами, маринованными в солоновато кислом соевой соусе на блюде, гарнированном картофелем по-деревенски.	44900	Bon Bon/category/Блюдо из курицы/Бедро_с_шампиньонами_D3b27Fq.jpeg	t	60	\N	7	\N	f
345	2025-01-14 16:28:13.446673+00	2025-01-30 08:30:19.797109+00	Стейк ассорти	Ассорти из стейков Бон филе, Антрекота, сочных Баварских колбасок, диетической Куриной грудки и Куриных бедер подается на блюде, украшенном свежими овощами и соусом на выбор.	269900	Bon Bon/category/Стейки/Стейк_ассорти_gYKQyJC.jpeg	t	61	\N	7	\N	f
352	2025-01-19 14:31:49.571272+00	2025-01-30 08:40:52.300404+00	Стейк Нью-Йорк	Нежная текстура стейки из мраморного мяса с ярко-выраженным вкусом идеально сочетается с золотистым деревенским картофелем и салатом микс.	104900	Bon Bon/category/Стейки/Стейк_Нью-Йорк_en78gRW.jpeg	t	61	\N	7	\N	f
395	2025-01-30 08:49:31.970239+00	2025-01-31 09:22:02.804617+00	Соус чесночный	null	4900	Bon Bon/category/Соусы/Соус_чесночный.jpeg	t	67	\N	7	\N	f
358	2025-01-19 14:54:33.794401+00	2025-01-30 14:33:49.752868+00	Особый Хот Дог	Свежая булочка, наполненная кабачковый икрой, сладким томатом с горячей сырной сосиской, приправленная особым соусом и украшенная картофельным паем.	25000	Bon Bon/category/Хот дог/Особый_Хот_Дог_g8dGa85.jpeg	t	62	\N	7	\N	f
364	2025-01-19 15:33:10.166586+00	2025-01-30 14:45:56.388913+00	Классика с сыром	Знаменитый классический бургер, отличающийся лишь большим количеством сыры.	34900	Bon Bon/category/Бургеры/Классика_с_сыром_A0ZI4Nm.jpeg	t	63	\N	7	\N	f
361	2025-01-19 15:13:52.091448+00	2025-01-30 14:54:36.056856+00	Бон Бон	Бургер по-особому рецепту состоит из копченого мяса и сыра сочной говяжьей котлеты и свежих фермерских овощей заправлен сладким мясным соусом.	39900	Bon Bon/category/Бургеры/Бон_Бон_An2aAI5.jpeg	t	63	\N	7	\N	f
368	2025-01-20 15:54:37.518198+00	2025-01-30 16:59:26.577367+00	Дьябло	Колоритное название указывает на жгучий вкус блюда В состав начинки входит колбаса салями, мягкий сыр моцарелла, грибы и специи. Дополнением к горячей выпечке станет томатный соус из свежих помидоров.	129900	Bon Bon/category/Пицца Американская/Дьябло_lYm5gCi.jpeg	t	64	\N	7	\N	f
371	2025-01-20 16:04:32.518945+00	2025-01-30 17:05:51.367874+00	Комбо	Комбинированная пицца с начинкой из сладких помидоров, говяжьих слайсов и рваной курицы, приправленные оливковым маслом и соусом Италия, смешанного с орегано.	129900	Bon Bon/category/Пицца Американская/Комбо_1lX4ATF.jpeg	t	64	\N	7	\N	f
400	2025-01-30 08:52:37.174981+00	2025-01-31 09:29:51.181184+00	Майонез	null	3000	Bon Bon/category/Соусы/Майонез_YSLqoVg.jpeg	t	67	\N	7	\N	f
355	2025-01-19 14:42:43.204009+00	2025-01-31 09:34:41.619953+00	ЧизСтейк Бон Бон	Бургер, приготовленный по особому рецепту, приготовлен из тонко нерезаных кусочков бифштекса и плавленой Моцареллы. В длинной свежеиспеченной булочке, украшенной сливочным соусом Тар Тар и Сырным соусом.	45000	Bon Bon/category/Стейки/ЧизСтейк_Бон_Бон_1dm8olj.jpeg	t	61	\N	7	\N	f
377	2025-01-25 07:38:08.002651+00	2025-01-31 07:27:49.969363+00	Цезарь	Тончайшее тесто покрытое ингредиентами салата цезарь и политое чесночным соусом в дополнении со сливочным сыром моцарелла.	74900	Bon Bon/category/Пицца Итальянский/Цезарь_WBxaaOh.jpeg	t	65	\N	7	\N	f
378	2025-01-25 07:41:06.450337+00	2025-01-31 07:30:20.541183+00	Бон Бон	Пицца по-особому рецепту нашего кафе, состоящая из говяжьего мяса, зеленого болгарского перца, сочных помидоров и классического сыра моцарелла.	84900	Bon Bon/category/Пицца Итальянский/Бон_Бон_a7WE6YT.jpeg	t	65	\N	7	\N	f
379	2025-01-25 07:43:42.964938+00	2025-01-31 07:31:41.172715+00	Грибная	Отличное сочетание для пиццы: грибы, помидоры и сыр, а главным компонентом начинки выступают шампиньоны.	64900	Bon Bon/category/Пицца Итальянский/Грибная_MtcjL4y.jpeg	t	65	\N	7	\N	f
380	2025-01-25 07:47:12.640003+00	2025-01-31 07:32:48.574857+00	Болоньезе	Сытная пицца на основе соуса Болоньезе и начинки из мясного фарша, томатов, зелени с нежным сыром моцарелла.	64900	Bon Bon/category/Пицца Итальянский/Болоньезе_2mOffdF.jpeg	t	65	\N	7	\N	f
381	2025-01-25 07:50:25.688431+00	2025-01-31 07:33:47.414626+00	Маргарита	Мягкое внутри и хрустящее снаружи тесто, сочетание расплавленного сыра и помидоров, пикантный аромат базилика не оставят никого равнодушным.	54900	Bon Bon/category/Пицца Итальянский/Маргарита_V0R4ocs.jpeg	t	65	\N	7	\N	f
382	2025-01-25 07:57:45.749682+00	2025-01-31 07:35:14.433551+00	Четыре сыра	В состав этой пиццы входят 4 вида изысканных сыров: Пармезан, Моцарелла, Виола и Фетакса, а в качестве украшения выступает аккуратная россыпь орегано.	74900	Bon Bon/category/Пицца Итальянский/Четыре_сыра_5kZ7pOp.jpeg	t	65	\N	7	\N	f
383	2025-01-25 08:02:52.170333+00	2025-01-31 07:36:22.848361+00	Баварская	Основу рецептуры составляют мюнхенские колбаски один из главных национальных продуктов Германии. Второй компонент-салями пепперони, а сочные кусочки свежеобжаренных Грибов и плавленый сыр моцарелла завершают данную композицию.	69900	Bon Bon/category/Пицца Итальянский/Баварская_ojczkNy.jpeg	t	65	\N	7	\N	f
384	2025-01-25 08:07:46.991476+00	2025-01-31 07:37:45.016535+00	Мексикано	Пицца имеет пикантный вкус за счет основы из соуса Италия и сладкого перца, а начинка из говяжьего фарша добавляет вкусу сочности.	74900	Bon Bon/category/Пицца Итальянский/Мексикано_gFYPDOV.jpeg	t	65	\N	7	\N	f
385	2025-01-25 08:11:18.78996+00	2025-01-31 07:39:45.166479+00	Комбинированная	Пицца ассорти из двух видов мяса, маринованных вишенок, кусочков, сливочной моцареллы под соусом Италия.	84900	Bon Bon/category/Пицца Итальянский/Комбинированная_tqYy78o.jpeg	t	65	\N	7	\N	f
387	2025-01-25 09:02:02.820175+00	2025-01-31 07:42:20.515983+00	Пепперони	Классический состав в котором нет ничего лишнего! Колбаски Пепперони с легкой перчинкой, сыр моцарелла со сливочным вкусом и традиционные Итальянские травы на тонком тесте с пряным томатным соусом.	64900	Bon Bon/category/Пицца Итальянский/Пепперони_sgsmCuF.jpeg	t	65	\N	7	\N	f
388	2025-01-25 09:12:24.661487+00	2025-01-31 09:11:46.134307+00	Картофель по-Деревенски	Среди многочисленных блюд, которые предлагает пиццерия District, особое место занимает простое и вкусное блюдо – картофель по-деревенски. Эти сочные кусочки картофеля, обжаренные до хрустящей золотистой корочки и приправленные ароматными специями, завоевали сердца многих гурманов.	14900	Bon Bon/category/Гарниры/Картофель_по-Деревенски_56KGIhx.jpeg	t	66	\N	7	\N	f
389	2025-01-25 09:17:28.377366+00	2025-01-31 09:13:48.905472+00	Картофельное Пюре	Картофельного пюре начинается в Южной Америке, где картофель выращивали ещё древние инки. Для них картофель был не просто едой, а священным растением.	11900	Bon Bon/category/Гарниры/Картофельное_Пюре_H362Clf.jpeg	t	66	\N	7	\N	f
390	2025-01-25 11:13:45.341617+00	2025-01-31 09:15:53.004803+00	Картофель Фри по-Американски	Считается, что картофель фри впервые приготовили в Бельгии.\r\nбельгийцев появилась идея вместо рыбы использовать картошку.	14900	Bon Bon/category/Гарниры/Картофель_Фри_по-Американски_Wg68jmp.jpeg	t	66	\N	7	\N	f
391	2025-01-25 11:17:04.181795+00	2025-01-31 09:18:24.701429+00	Рис с Овощами	Родиной риса считают территорию современного Вьетнама и Таиланда, где 9 тысяч лет назад начали выращивать эту культуру. В Древней Греции продукт использовали исключительно как общеукрепляющее средство, а в Европе крупу долгое время считали роскошью.	15900	Bon Bon/category/Гарниры/Рис_с_Овощами_qdwJkwh.jpeg	t	66	\N	7	\N	f
392	2025-01-25 11:18:32.224544+00	2025-01-31 09:19:26.382119+00	Рис Отварной	Считается, что метод варки риса возник в Китае, где рис выращивают более 5000 лет. Из Китая этот метод распространился в другие части Азии и, в конечном итоге, по всему миру.	9900	Bon Bon/category/Гарниры/Рис_Отварной_3zFZJi1.jpeg	t	66	\N	7	\N	f
393	2025-01-25 11:24:20.765692+00	2025-01-31 09:20:44.340366+00	Картофель по-Домашнему	Появления рецепта картофеля по-деревенски связана с историей самого картофеля.	19900	Bon Bon/category/Гарниры/Картофель_по-Домашнему_3bzPv1R.jpeg	t	66	\N	7	\N	f
311	2025-01-13 08:31:58.394883+00	2025-01-26 09:17:00.859484+00	Сэндвич с курицей	Сытный из тостерного хлеба дополнены аппетитной начинкой из нежного куриного филе, сладких помидоров, хрустящих листьев салата и маринованных огурчиков. Особую сочность придает бархатный соус Аврора, приготовленный по-особому рецепту.	26900	Bon Bon/category/Сэндвич/Сэндвич_с_курицей_raMfrbo.jpeg	t	54	\N	7	\N	f
324	2025-01-13 15:18:16.110793+00	2025-01-26 11:29:47.305835+00	Греческий	Деревенский салат из крупно нарезанных помидоров, сладкого перца, огурцов, Сыра, лука шалот и маслин, заправленный оливковым маслом с солю,	34900	Bon Bon/category/Салаты/Греческий_SWPiiDA.jpeg	t	55	\N	7	\N	f
323	2025-01-13 15:14:04.412696+00	2025-01-26 11:30:13.86056+00	Незнайка	Необычный салат из куриного филе, дополненного сладким ананасом в сочетании со сливочным вкусом моцареллы и натертого куриного яйца заправляется майонезом по-домашнему рецепту.	34900	Bon Bon/category/Салаты/Незнайка_JKS5utu.jpeg	t	55	\N	7	\N	f
304	2025-01-13 08:11:20.758681+00	2025-01-30 06:54:02.715643+00	Гренки с сыром	Домашний завтрак ломтиков хлеба в смеси из взбитых яиц и специи обжарены в большом количестве масла и украшены сыром моцарелла.	19900	Bon Bon/category/Завтраки/Гренки_с_сыром_bjvx6Bl.jpeg	t	51	\N	7	\N	f
326	2025-01-14 09:09:50.85899+00	2025-01-30 07:28:36.829604+00	Крем суп Грибной	Масса из приготовленных шампиньонов, вишенок, картофельных кубиков, небольшого количества домашнего молока, сливок высокой жирности и растительного масла пробивается блендером до жидкой консистенции и посыпается хрустящими сухариками.	29900	Bon Bon/category/Супы/Крем_суп_Грибной_wj3RnMI.jpeg	t	56	\N	7	\N	f
347	2025-01-19 13:12:08.132257+00	2025-01-30 08:32:43.293603+00	Медальоны на гриле	Нежное мясо с легким сливочным послевкусием, прожаренное до готовности на гриле гарнировано дольками картофеля по-деревенски и миксом сезонного салата дополняются пряным соусом Италия.	119900	Bon Bon/category/Стейки/Медальоны_на_гриле_rHVH6p7.jpeg	t	61	\N	7	\N	f
349	2025-01-19 13:20:20.681204+00	2025-01-30 08:36:25.060827+00	Куриное бедро на мангале	Мясо куриных бедер, прожаренных на мы мангале получается сочным благодаря наличию небольшого количеств жира. На гарнир к такому блюду идеально походит сладкая кукуруза и кольца нежно-пряного красного лука.	44900	Bon Bon/category/Стейки/Куриное_бедро_на_мангале_WAltVhK.jpeg	t	61	\N	7	\N	f
360	2025-01-19 15:00:01.90942+00	2025-01-30 14:39:38.113016+00	Баварский Хот Дог	Баварская колбаска, картофельный пай и свежий салат, подаваемые в разрезанной булочки политой кетчупом и горчичным соусом.	25000	Bon Bon/category/Хот дог/Баварский_Хот_Дог_mUtNbMO.jpeg	t	62	\N	7	\N	f
386	2025-01-25 08:15:50.560842+00	2025-01-31 07:40:56.618972+00	Мясное ассорти	Любителям мяса посвящается! Настоящий взрыв разнообразных видов Итальянских мясных деликатесов. Здесь и пряные колбаски пепперони куриное филе и классическая ветчина. Рецепт дополнен соусами орегано и Италия.	84900	Bon Bon/category/Пицца Итальянский/Мясное_ассорти_Y4HnQ8l.jpeg	t	65	\N	7	\N	f
303	2025-01-13 08:08:06.544259+00	2025-01-31 09:32:45.43022+00	Бон Бон	Mix из вареных яиц домашнего меда, молоко, долек лимона и натурального сыра подаются со сливочным маслом.	34900	Bon Bon/category/Завтраки/Бон_Бон_tXTOVzj.jpeg	t	51	\N	7	\N	f
25	2024-03-06 06:55:31.339309+00	2025-02-16 06:27:47.476447+00	Луковый Суп	Луковый суп - это ароматное и утонченное блюдо, которое обладает неповторимым вкусом и приятным ароматом. Этот суп является идеальным выбором как для холодного зимнего вечера, так и для легкого летнего обеда. Главным ингредиентом этого блюда является свежий лук, который приобретает нежный и слегка сладковатый вкус благодаря долгому томлению в бульоне.\r\n\r\nЛуковый суп приготавливается на основе медленно вареного бульона, в который добавляются обжаренные луковые кольца до состояния золотистой карамелизации. Этот процесс обогащает суп насыщенным вкусом и создает приятную текстуру. Для добавления глубины вкуса и аромата могут использоваться различные специи и травы, такие как тимьян, лавровый лист и черный перец.\r\n\r\nЛуковый суп часто подается с добавлением запеченного сыра или хрустящих гренок, что придает блюду дополнительную текстуру и насыщенный вкус. Приятная гармония между сладковатым вкусом лука и насыщенным ароматом бульона делает этот суп привлекательным выбором для любителей классической кухни.\r\n\r\nСочетание богатого аромата и нежного вкуса делает луковый суп не только вкусным, но и питательным блюдом, которое приносит удовольствие каждому, кто его пробует.	40000	Olivia/category/Первое Блюдо/Луковый_Суп.jpg	t	4	\N	3	\N	t
\.


--
-- Data for Name: menu_app_promo; Type: TABLE DATA; Schema: public; Owner: aurora
--

COPY public.menu_app_promo (id, created_time, update_time, name, description, photo, price, is_active, created_by_id, restaurant_id, update_by_id) FROM stdin;
1	2024-03-06 07:51:06.856754+00	2024-06-10 05:12:38.140364+00	1+1	Купи две Пиццы и получи один в подарок.	Olivia/promo/1+1=3/пицца.jpg	99000	t	1	3	1
1093	2025-01-12 07:48:13.437534+00	2025-01-12 07:48:36.276097+00	1+1=3	Купи 2 пиццы получи 1 в подарок	Olivia/promo/1+1=3/113.jpeg	90000	t	3	3	3
2	2024-03-06 07:53:19.745204+00	2024-04-12 17:09:58.154201+00	Счастливые часы	В промежуток с 10:00 до 14:00 действует скидка на -50% для категории напитки.	Olivia/promo/Счастливые часы/happy_hour.jpg	50	t	3	3	3
3	2024-03-06 07:55:30.312603+00	2024-04-11 16:30:00.238315+00	Комбо 3в1	Купи выгодно Чизбургер, Кола и Картошку фри за 29.500 сум	Olivia/promo/Комбо 3в1/комбо.jpg	295	t	3	3	3
1076	2024-06-08 05:27:02.705848+00	2024-06-08 07:04:36.250206+00	Комбо набор	бургер,\r\nфри\r\nкола разливная,\r\nсоус барбекю,\r\nсоус чесночный	Craft Burger/promo/Комбо набор/Комбо_набор.jpeg	40000	t	5	5	5
1094	2025-01-31 09:57:06.593552+00	2025-01-31 09:57:11.86504+00	Сеть Халява-1	Кафе Бон Бон предлагает  вам сеть ХАЛЯВА Бургер с куриным котлетам, картофель по-деревенски, соус чесночный, кола 0,33,	Bon Bon/promo/Сеть Халява-1/Сеть_Халява-1.jpeg	37900	t	7	7	7
1095	2025-01-31 09:58:59.916887+00	2025-01-31 09:59:07.812657+00	Сеть Халява-2	Кафе Бон Бон предлагает  вам сеть ХАЛЯВА. Бургер с говяжьей котлетам, картофель по-деревенски и соус	Bon Bon/promo/Сеть Халява-2/Сеть_Халява-2.jpeg	37900	t	7	7	7
1096	2025-01-31 10:00:48.323484+00	2025-01-31 10:02:09.470108+00	Сеть Халява-3	Кафе Бон Бон предлагает  вам сеть ХАЛЯВА. Лаваш куриный, картофель по-деревенски и соус	Bon Bon/promo/Сеть Халява-3/Сеть_Халява-3.jpeg	37900	t	7	7	7
1097	2025-01-31 10:02:04.966055+00	2025-01-31 10:02:10.991737+00	Сеть Халява-4	Кафе Бон Бон предлагает  вам сеть ХАЛЯВА. Лаваш говяжьей, картофель по-деревенски и соус	Bon Bon/promo/Сеть Халява-4/Сеть_Халява-4.jpeg	37900	t	7	7	7
1091	2024-06-09 07:49:51.40744+00	2024-06-10 05:12:14.286696+00	212test	213	Olivia/promo/213/213_TgbX7QR.jpeg	213	t	1	3	1
1072	2024-06-08 04:58:41.245772+00	2024-06-11 10:50:16.707218+00	test	null	Pasta House/promo/test/test_XUztAQ1.jpeg	1234	t	1	1	1
\.


--
-- Data for Name: menu_app_restaurant; Type: TABLE DATA; Schema: public; Owner: aurora
--

COPY public.menu_app_restaurant (id, created_time, update_time, name, adress, photo, logo, created_by_id, update_by_id, user_id, instagramm, is_active, telegram, availability_orders, orders_chat_id, waiter_chat_id) FROM stdin;
1	2024-03-04 12:59:26.233258+00	2024-06-16 11:17:53.505836+00	Pasta House	The Tukimachi street	Pasta House/backgroud/e45b4cc7b37cedb4a7df031f7ac8b5d1-1100x825_1.jpeg	Pasta House/logo/2024-03-04_12.28.47.jpg	1	1	1	\N	t	\N	t	-714713997	-714713997
4	2024-04-08 05:54:36.388636+00	2024-04-28 16:15:28.268193+00	Joy Chaikhana	Old City	Joy Chaikhana/backgroud/test3_weIvq5m.jpeg	Joy Chaikhana/logo/bordered_logo.jpg	1	1	4	\N	t	\N	f	\N	\N
3	2024-03-04 19:40:17.532091+00	2024-06-29 18:06:05.140778+00	Olivia	USA California	Olivia/backgroud/Restoran_na_kryshe.jpg	Olivia/logo/0889x24izl.webp	3	3	3	https://www.google.com/	t	23	t	-974972939	-974972939
5	2024-05-30 16:30:16.080494+00	2024-06-30 15:08:25.280653+00	Craft Burger	Islam Karimov street	Craft Burger/backgroud/f177da90b67a130e579dda84c7adec4a.jpg	Craft Burger/logo/IMG_3706.JPG	5	5	5	https://www.instagram.com/craftburger.uz?igsh=bmM3ZHpob3EwYXY4	t	https://t.me/craftcafebukhara	f	\N	\N
6	2024-06-25 13:56:47.481413+00	2024-07-09 10:12:46.929767+00	The Plov	Ibn Sino	The Plov/backgroud/Restoran_na_kryshe.jpg	The Plov/logo/images.jfif	1	1	6	https://www.instagram.com/the_plov_bukhara/	f	#	t	-1	-1
7	2024-12-29 13:48:10.029839+00	2025-02-02 07:04:41.9732+00	Bon Bon	-	Bon Bon/backgroud/IMAGE_2025-01-13_14_43_19-5qfnD4WiG-transformed.jpeg	Bon Bon/logo/Pica-enhance-20250202115843.jpg	7	7	7	-	t	-	f	1	1
\.


--
-- Name: auth_group_id_seq; Type: SEQUENCE SET; Schema: public; Owner: aurora
--

SELECT pg_catalog.setval('public.auth_group_id_seq', 1, false);


--
-- Name: auth_group_permissions_id_seq; Type: SEQUENCE SET; Schema: public; Owner: aurora
--

SELECT pg_catalog.setval('public.auth_group_permissions_id_seq', 1, false);


--
-- Name: auth_permission_id_seq; Type: SEQUENCE SET; Schema: public; Owner: aurora
--

SELECT pg_catalog.setval('public.auth_permission_id_seq', 40, true);


--
-- Name: auth_user_groups_id_seq; Type: SEQUENCE SET; Schema: public; Owner: aurora
--

SELECT pg_catalog.setval('public.auth_user_groups_id_seq', 1, false);


--
-- Name: auth_user_id_seq; Type: SEQUENCE SET; Schema: public; Owner: aurora
--

SELECT pg_catalog.setval('public.auth_user_id_seq', 7, true);


--
-- Name: auth_user_user_permissions_id_seq; Type: SEQUENCE SET; Schema: public; Owner: aurora
--

SELECT pg_catalog.setval('public.auth_user_user_permissions_id_seq', 16, true);


--
-- Name: django_admin_log_id_seq; Type: SEQUENCE SET; Schema: public; Owner: aurora
--

SELECT pg_catalog.setval('public.django_admin_log_id_seq', 1131, true);


--
-- Name: django_content_type_id_seq; Type: SEQUENCE SET; Schema: public; Owner: aurora
--

SELECT pg_catalog.setval('public.django_content_type_id_seq', 10, true);


--
-- Name: django_migrations_id_seq; Type: SEQUENCE SET; Schema: public; Owner: aurora
--

SELECT pg_catalog.setval('public.django_migrations_id_seq', 31, true);


--
-- Name: menu_app_category_id_seq; Type: SEQUENCE SET; Schema: public; Owner: aurora
--

SELECT pg_catalog.setval('public.menu_app_category_id_seq', 68, true);


--
-- Name: menu_app_menu_id_seq; Type: SEQUENCE SET; Schema: public; Owner: aurora
--

SELECT pg_catalog.setval('public.menu_app_menu_id_seq', 401, true);


--
-- Name: menu_app_promo_id_seq; Type: SEQUENCE SET; Schema: public; Owner: aurora
--

SELECT pg_catalog.setval('public.menu_app_promo_id_seq', 1097, true);


--
-- Name: menu_app_restaurant_id_seq; Type: SEQUENCE SET; Schema: public; Owner: aurora
--

SELECT pg_catalog.setval('public.menu_app_restaurant_id_seq', 7, true);


--
-- Name: auth_group auth_group_name_key; Type: CONSTRAINT; Schema: public; Owner: aurora
--

ALTER TABLE ONLY public.auth_group
    ADD CONSTRAINT auth_group_name_key UNIQUE (name);


--
-- Name: auth_group_permissions auth_group_permissions_group_id_permission_id_0cd325b0_uniq; Type: CONSTRAINT; Schema: public; Owner: aurora
--

ALTER TABLE ONLY public.auth_group_permissions
    ADD CONSTRAINT auth_group_permissions_group_id_permission_id_0cd325b0_uniq UNIQUE (group_id, permission_id);


--
-- Name: auth_group_permissions auth_group_permissions_pkey; Type: CONSTRAINT; Schema: public; Owner: aurora
--

ALTER TABLE ONLY public.auth_group_permissions
    ADD CONSTRAINT auth_group_permissions_pkey PRIMARY KEY (id);


--
-- Name: auth_group auth_group_pkey; Type: CONSTRAINT; Schema: public; Owner: aurora
--

ALTER TABLE ONLY public.auth_group
    ADD CONSTRAINT auth_group_pkey PRIMARY KEY (id);


--
-- Name: auth_permission auth_permission_content_type_id_codename_01ab375a_uniq; Type: CONSTRAINT; Schema: public; Owner: aurora
--

ALTER TABLE ONLY public.auth_permission
    ADD CONSTRAINT auth_permission_content_type_id_codename_01ab375a_uniq UNIQUE (content_type_id, codename);


--
-- Name: auth_permission auth_permission_pkey; Type: CONSTRAINT; Schema: public; Owner: aurora
--

ALTER TABLE ONLY public.auth_permission
    ADD CONSTRAINT auth_permission_pkey PRIMARY KEY (id);


--
-- Name: auth_user_groups auth_user_groups_pkey; Type: CONSTRAINT; Schema: public; Owner: aurora
--

ALTER TABLE ONLY public.auth_user_groups
    ADD CONSTRAINT auth_user_groups_pkey PRIMARY KEY (id);


--
-- Name: auth_user_groups auth_user_groups_user_id_group_id_94350c0c_uniq; Type: CONSTRAINT; Schema: public; Owner: aurora
--

ALTER TABLE ONLY public.auth_user_groups
    ADD CONSTRAINT auth_user_groups_user_id_group_id_94350c0c_uniq UNIQUE (user_id, group_id);


--
-- Name: auth_user auth_user_pkey; Type: CONSTRAINT; Schema: public; Owner: aurora
--

ALTER TABLE ONLY public.auth_user
    ADD CONSTRAINT auth_user_pkey PRIMARY KEY (id);


--
-- Name: auth_user_user_permissions auth_user_user_permissions_pkey; Type: CONSTRAINT; Schema: public; Owner: aurora
--

ALTER TABLE ONLY public.auth_user_user_permissions
    ADD CONSTRAINT auth_user_user_permissions_pkey PRIMARY KEY (id);


--
-- Name: auth_user_user_permissions auth_user_user_permissions_user_id_permission_id_14a6b632_uniq; Type: CONSTRAINT; Schema: public; Owner: aurora
--

ALTER TABLE ONLY public.auth_user_user_permissions
    ADD CONSTRAINT auth_user_user_permissions_user_id_permission_id_14a6b632_uniq UNIQUE (user_id, permission_id);


--
-- Name: auth_user auth_user_username_key; Type: CONSTRAINT; Schema: public; Owner: aurora
--

ALTER TABLE ONLY public.auth_user
    ADD CONSTRAINT auth_user_username_key UNIQUE (username);


--
-- Name: django_admin_log django_admin_log_pkey; Type: CONSTRAINT; Schema: public; Owner: aurora
--

ALTER TABLE ONLY public.django_admin_log
    ADD CONSTRAINT django_admin_log_pkey PRIMARY KEY (id);


--
-- Name: django_content_type django_content_type_app_label_model_76bd3d3b_uniq; Type: CONSTRAINT; Schema: public; Owner: aurora
--

ALTER TABLE ONLY public.django_content_type
    ADD CONSTRAINT django_content_type_app_label_model_76bd3d3b_uniq UNIQUE (app_label, model);


--
-- Name: django_content_type django_content_type_pkey; Type: CONSTRAINT; Schema: public; Owner: aurora
--

ALTER TABLE ONLY public.django_content_type
    ADD CONSTRAINT django_content_type_pkey PRIMARY KEY (id);


--
-- Name: django_migrations django_migrations_pkey; Type: CONSTRAINT; Schema: public; Owner: aurora
--

ALTER TABLE ONLY public.django_migrations
    ADD CONSTRAINT django_migrations_pkey PRIMARY KEY (id);


--
-- Name: django_session django_session_pkey; Type: CONSTRAINT; Schema: public; Owner: aurora
--

ALTER TABLE ONLY public.django_session
    ADD CONSTRAINT django_session_pkey PRIMARY KEY (session_key);


--
-- Name: menu_app_category menu_app_category_pkey; Type: CONSTRAINT; Schema: public; Owner: aurora
--

ALTER TABLE ONLY public.menu_app_category
    ADD CONSTRAINT menu_app_category_pkey PRIMARY KEY (id);


--
-- Name: menu_app_menu menu_app_menu_pkey; Type: CONSTRAINT; Schema: public; Owner: aurora
--

ALTER TABLE ONLY public.menu_app_menu
    ADD CONSTRAINT menu_app_menu_pkey PRIMARY KEY (id);


--
-- Name: menu_app_promo menu_app_promo_pkey; Type: CONSTRAINT; Schema: public; Owner: aurora
--

ALTER TABLE ONLY public.menu_app_promo
    ADD CONSTRAINT menu_app_promo_pkey PRIMARY KEY (id);


--
-- Name: menu_app_restaurant menu_app_restaurant_pkey; Type: CONSTRAINT; Schema: public; Owner: aurora
--

ALTER TABLE ONLY public.menu_app_restaurant
    ADD CONSTRAINT menu_app_restaurant_pkey PRIMARY KEY (id);


--
-- Name: auth_group_name_a6ea08ec_like; Type: INDEX; Schema: public; Owner: aurora
--

CREATE INDEX auth_group_name_a6ea08ec_like ON public.auth_group USING btree (name varchar_pattern_ops);


--
-- Name: auth_group_permissions_group_id_b120cbf9; Type: INDEX; Schema: public; Owner: aurora
--

CREATE INDEX auth_group_permissions_group_id_b120cbf9 ON public.auth_group_permissions USING btree (group_id);


--
-- Name: auth_group_permissions_permission_id_84c5c92e; Type: INDEX; Schema: public; Owner: aurora
--

CREATE INDEX auth_group_permissions_permission_id_84c5c92e ON public.auth_group_permissions USING btree (permission_id);


--
-- Name: auth_permission_content_type_id_2f476e4b; Type: INDEX; Schema: public; Owner: aurora
--

CREATE INDEX auth_permission_content_type_id_2f476e4b ON public.auth_permission USING btree (content_type_id);


--
-- Name: auth_user_groups_group_id_97559544; Type: INDEX; Schema: public; Owner: aurora
--

CREATE INDEX auth_user_groups_group_id_97559544 ON public.auth_user_groups USING btree (group_id);


--
-- Name: auth_user_groups_user_id_6a12ed8b; Type: INDEX; Schema: public; Owner: aurora
--

CREATE INDEX auth_user_groups_user_id_6a12ed8b ON public.auth_user_groups USING btree (user_id);


--
-- Name: auth_user_user_permissions_permission_id_1fbb5f2c; Type: INDEX; Schema: public; Owner: aurora
--

CREATE INDEX auth_user_user_permissions_permission_id_1fbb5f2c ON public.auth_user_user_permissions USING btree (permission_id);


--
-- Name: auth_user_user_permissions_user_id_a95ead1b; Type: INDEX; Schema: public; Owner: aurora
--

CREATE INDEX auth_user_user_permissions_user_id_a95ead1b ON public.auth_user_user_permissions USING btree (user_id);


--
-- Name: auth_user_username_6821ab7c_like; Type: INDEX; Schema: public; Owner: aurora
--

CREATE INDEX auth_user_username_6821ab7c_like ON public.auth_user USING btree (username varchar_pattern_ops);


--
-- Name: django_admin_log_content_type_id_c4bce8eb; Type: INDEX; Schema: public; Owner: aurora
--

CREATE INDEX django_admin_log_content_type_id_c4bce8eb ON public.django_admin_log USING btree (content_type_id);


--
-- Name: django_admin_log_user_id_c564eba6; Type: INDEX; Schema: public; Owner: aurora
--

CREATE INDEX django_admin_log_user_id_c564eba6 ON public.django_admin_log USING btree (user_id);


--
-- Name: django_session_expire_date_a5c62663; Type: INDEX; Schema: public; Owner: aurora
--

CREATE INDEX django_session_expire_date_a5c62663 ON public.django_session USING btree (expire_date);


--
-- Name: django_session_session_key_c0390e0f_like; Type: INDEX; Schema: public; Owner: aurora
--

CREATE INDEX django_session_session_key_c0390e0f_like ON public.django_session USING btree (session_key varchar_pattern_ops);


--
-- Name: menu_app_category_created_by_id_28a4f4e9; Type: INDEX; Schema: public; Owner: aurora
--

CREATE INDEX menu_app_category_created_by_id_28a4f4e9 ON public.menu_app_category USING btree (created_by_id);


--
-- Name: menu_app_category_restaurant_id_b2903c73; Type: INDEX; Schema: public; Owner: aurora
--

CREATE INDEX menu_app_category_restaurant_id_b2903c73 ON public.menu_app_category USING btree (restaurant_id);


--
-- Name: menu_app_category_slug_1c4fe9e9; Type: INDEX; Schema: public; Owner: aurora
--

CREATE INDEX menu_app_category_slug_1c4fe9e9 ON public.menu_app_category USING btree (slug);


--
-- Name: menu_app_category_slug_1c4fe9e9_like; Type: INDEX; Schema: public; Owner: aurora
--

CREATE INDEX menu_app_category_slug_1c4fe9e9_like ON public.menu_app_category USING btree (slug varchar_pattern_ops);


--
-- Name: menu_app_category_update_by_id_1fe373fa; Type: INDEX; Schema: public; Owner: aurora
--

CREATE INDEX menu_app_category_update_by_id_1fe373fa ON public.menu_app_category USING btree (update_by_id);


--
-- Name: menu_app_menu_category_id_7665addb; Type: INDEX; Schema: public; Owner: aurora
--

CREATE INDEX menu_app_menu_category_id_7665addb ON public.menu_app_menu USING btree (category_id);


--
-- Name: menu_app_menu_created_by_id_b6cd0d2f; Type: INDEX; Schema: public; Owner: aurora
--

CREATE INDEX menu_app_menu_created_by_id_b6cd0d2f ON public.menu_app_menu USING btree (created_by_id);


--
-- Name: menu_app_menu_restaurant_id_af97f391; Type: INDEX; Schema: public; Owner: aurora
--

CREATE INDEX menu_app_menu_restaurant_id_af97f391 ON public.menu_app_menu USING btree (restaurant_id);


--
-- Name: menu_app_menu_update_by_id_0e6fa52e; Type: INDEX; Schema: public; Owner: aurora
--

CREATE INDEX menu_app_menu_update_by_id_0e6fa52e ON public.menu_app_menu USING btree (update_by_id);


--
-- Name: menu_app_promo_created_by_id_71b63064; Type: INDEX; Schema: public; Owner: aurora
--

CREATE INDEX menu_app_promo_created_by_id_71b63064 ON public.menu_app_promo USING btree (created_by_id);


--
-- Name: menu_app_promo_restaurant_id_a352a2bd; Type: INDEX; Schema: public; Owner: aurora
--

CREATE INDEX menu_app_promo_restaurant_id_a352a2bd ON public.menu_app_promo USING btree (restaurant_id);


--
-- Name: menu_app_promo_update_by_id_0c264086; Type: INDEX; Schema: public; Owner: aurora
--

CREATE INDEX menu_app_promo_update_by_id_0c264086 ON public.menu_app_promo USING btree (update_by_id);


--
-- Name: menu_app_restaurant_created_by_id_d8bae081; Type: INDEX; Schema: public; Owner: aurora
--

CREATE INDEX menu_app_restaurant_created_by_id_d8bae081 ON public.menu_app_restaurant USING btree (created_by_id);


--
-- Name: menu_app_restaurant_update_by_id_f1812710; Type: INDEX; Schema: public; Owner: aurora
--

CREATE INDEX menu_app_restaurant_update_by_id_f1812710 ON public.menu_app_restaurant USING btree (update_by_id);


--
-- Name: menu_app_restaurant_user_id_dc7dea73; Type: INDEX; Schema: public; Owner: aurora
--

CREATE INDEX menu_app_restaurant_user_id_dc7dea73 ON public.menu_app_restaurant USING btree (user_id);


--
-- Name: auth_group_permissions auth_group_permissio_permission_id_84c5c92e_fk_auth_perm; Type: FK CONSTRAINT; Schema: public; Owner: aurora
--

ALTER TABLE ONLY public.auth_group_permissions
    ADD CONSTRAINT auth_group_permissio_permission_id_84c5c92e_fk_auth_perm FOREIGN KEY (permission_id) REFERENCES public.auth_permission(id) DEFERRABLE INITIALLY DEFERRED;


--
-- Name: auth_group_permissions auth_group_permissions_group_id_b120cbf9_fk_auth_group_id; Type: FK CONSTRAINT; Schema: public; Owner: aurora
--

ALTER TABLE ONLY public.auth_group_permissions
    ADD CONSTRAINT auth_group_permissions_group_id_b120cbf9_fk_auth_group_id FOREIGN KEY (group_id) REFERENCES public.auth_group(id) DEFERRABLE INITIALLY DEFERRED;


--
-- Name: auth_permission auth_permission_content_type_id_2f476e4b_fk_django_co; Type: FK CONSTRAINT; Schema: public; Owner: aurora
--

ALTER TABLE ONLY public.auth_permission
    ADD CONSTRAINT auth_permission_content_type_id_2f476e4b_fk_django_co FOREIGN KEY (content_type_id) REFERENCES public.django_content_type(id) DEFERRABLE INITIALLY DEFERRED;


--
-- Name: auth_user_groups auth_user_groups_group_id_97559544_fk_auth_group_id; Type: FK CONSTRAINT; Schema: public; Owner: aurora
--

ALTER TABLE ONLY public.auth_user_groups
    ADD CONSTRAINT auth_user_groups_group_id_97559544_fk_auth_group_id FOREIGN KEY (group_id) REFERENCES public.auth_group(id) DEFERRABLE INITIALLY DEFERRED;


--
-- Name: auth_user_groups auth_user_groups_user_id_6a12ed8b_fk_auth_user_id; Type: FK CONSTRAINT; Schema: public; Owner: aurora
--

ALTER TABLE ONLY public.auth_user_groups
    ADD CONSTRAINT auth_user_groups_user_id_6a12ed8b_fk_auth_user_id FOREIGN KEY (user_id) REFERENCES public.auth_user(id) DEFERRABLE INITIALLY DEFERRED;


--
-- Name: auth_user_user_permissions auth_user_user_permi_permission_id_1fbb5f2c_fk_auth_perm; Type: FK CONSTRAINT; Schema: public; Owner: aurora
--

ALTER TABLE ONLY public.auth_user_user_permissions
    ADD CONSTRAINT auth_user_user_permi_permission_id_1fbb5f2c_fk_auth_perm FOREIGN KEY (permission_id) REFERENCES public.auth_permission(id) DEFERRABLE INITIALLY DEFERRED;


--
-- Name: auth_user_user_permissions auth_user_user_permissions_user_id_a95ead1b_fk_auth_user_id; Type: FK CONSTRAINT; Schema: public; Owner: aurora
--

ALTER TABLE ONLY public.auth_user_user_permissions
    ADD CONSTRAINT auth_user_user_permissions_user_id_a95ead1b_fk_auth_user_id FOREIGN KEY (user_id) REFERENCES public.auth_user(id) DEFERRABLE INITIALLY DEFERRED;


--
-- Name: django_admin_log django_admin_log_content_type_id_c4bce8eb_fk_django_co; Type: FK CONSTRAINT; Schema: public; Owner: aurora
--

ALTER TABLE ONLY public.django_admin_log
    ADD CONSTRAINT django_admin_log_content_type_id_c4bce8eb_fk_django_co FOREIGN KEY (content_type_id) REFERENCES public.django_content_type(id) DEFERRABLE INITIALLY DEFERRED;


--
-- Name: django_admin_log django_admin_log_user_id_c564eba6_fk_auth_user_id; Type: FK CONSTRAINT; Schema: public; Owner: aurora
--

ALTER TABLE ONLY public.django_admin_log
    ADD CONSTRAINT django_admin_log_user_id_c564eba6_fk_auth_user_id FOREIGN KEY (user_id) REFERENCES public.auth_user(id) DEFERRABLE INITIALLY DEFERRED;


--
-- Name: menu_app_category menu_app_category_created_by_id_28a4f4e9_fk_auth_user_id; Type: FK CONSTRAINT; Schema: public; Owner: aurora
--

ALTER TABLE ONLY public.menu_app_category
    ADD CONSTRAINT menu_app_category_created_by_id_28a4f4e9_fk_auth_user_id FOREIGN KEY (created_by_id) REFERENCES public.auth_user(id) DEFERRABLE INITIALLY DEFERRED;


--
-- Name: menu_app_category menu_app_category_restaurant_id_b2903c73_fk_menu_app_; Type: FK CONSTRAINT; Schema: public; Owner: aurora
--

ALTER TABLE ONLY public.menu_app_category
    ADD CONSTRAINT menu_app_category_restaurant_id_b2903c73_fk_menu_app_ FOREIGN KEY (restaurant_id) REFERENCES public.menu_app_restaurant(id) DEFERRABLE INITIALLY DEFERRED;


--
-- Name: menu_app_category menu_app_category_update_by_id_1fe373fa_fk_auth_user_id; Type: FK CONSTRAINT; Schema: public; Owner: aurora
--

ALTER TABLE ONLY public.menu_app_category
    ADD CONSTRAINT menu_app_category_update_by_id_1fe373fa_fk_auth_user_id FOREIGN KEY (update_by_id) REFERENCES public.auth_user(id) DEFERRABLE INITIALLY DEFERRED;


--
-- Name: menu_app_menu menu_app_menu_category_id_7665addb_fk_menu_app_category_id; Type: FK CONSTRAINT; Schema: public; Owner: aurora
--

ALTER TABLE ONLY public.menu_app_menu
    ADD CONSTRAINT menu_app_menu_category_id_7665addb_fk_menu_app_category_id FOREIGN KEY (category_id) REFERENCES public.menu_app_category(id) DEFERRABLE INITIALLY DEFERRED;


--
-- Name: menu_app_menu menu_app_menu_created_by_id_b6cd0d2f_fk_auth_user_id; Type: FK CONSTRAINT; Schema: public; Owner: aurora
--

ALTER TABLE ONLY public.menu_app_menu
    ADD CONSTRAINT menu_app_menu_created_by_id_b6cd0d2f_fk_auth_user_id FOREIGN KEY (created_by_id) REFERENCES public.auth_user(id) DEFERRABLE INITIALLY DEFERRED;


--
-- Name: menu_app_menu menu_app_menu_restaurant_id_af97f391_fk_menu_app_restaurant_id; Type: FK CONSTRAINT; Schema: public; Owner: aurora
--

ALTER TABLE ONLY public.menu_app_menu
    ADD CONSTRAINT menu_app_menu_restaurant_id_af97f391_fk_menu_app_restaurant_id FOREIGN KEY (restaurant_id) REFERENCES public.menu_app_restaurant(id) DEFERRABLE INITIALLY DEFERRED;


--
-- Name: menu_app_menu menu_app_menu_update_by_id_0e6fa52e_fk_auth_user_id; Type: FK CONSTRAINT; Schema: public; Owner: aurora
--

ALTER TABLE ONLY public.menu_app_menu
    ADD CONSTRAINT menu_app_menu_update_by_id_0e6fa52e_fk_auth_user_id FOREIGN KEY (update_by_id) REFERENCES public.auth_user(id) DEFERRABLE INITIALLY DEFERRED;


--
-- Name: menu_app_promo menu_app_promo_created_by_id_71b63064_fk_auth_user_id; Type: FK CONSTRAINT; Schema: public; Owner: aurora
--

ALTER TABLE ONLY public.menu_app_promo
    ADD CONSTRAINT menu_app_promo_created_by_id_71b63064_fk_auth_user_id FOREIGN KEY (created_by_id) REFERENCES public.auth_user(id) DEFERRABLE INITIALLY DEFERRED;


--
-- Name: menu_app_promo menu_app_promo_restaurant_id_a352a2bd_fk_menu_app_restaurant_id; Type: FK CONSTRAINT; Schema: public; Owner: aurora
--

ALTER TABLE ONLY public.menu_app_promo
    ADD CONSTRAINT menu_app_promo_restaurant_id_a352a2bd_fk_menu_app_restaurant_id FOREIGN KEY (restaurant_id) REFERENCES public.menu_app_restaurant(id) DEFERRABLE INITIALLY DEFERRED;


--
-- Name: menu_app_promo menu_app_promo_update_by_id_0c264086_fk_auth_user_id; Type: FK CONSTRAINT; Schema: public; Owner: aurora
--

ALTER TABLE ONLY public.menu_app_promo
    ADD CONSTRAINT menu_app_promo_update_by_id_0c264086_fk_auth_user_id FOREIGN KEY (update_by_id) REFERENCES public.auth_user(id) DEFERRABLE INITIALLY DEFERRED;


--
-- Name: menu_app_restaurant menu_app_restaurant_created_by_id_d8bae081_fk_auth_user_id; Type: FK CONSTRAINT; Schema: public; Owner: aurora
--

ALTER TABLE ONLY public.menu_app_restaurant
    ADD CONSTRAINT menu_app_restaurant_created_by_id_d8bae081_fk_auth_user_id FOREIGN KEY (created_by_id) REFERENCES public.auth_user(id) DEFERRABLE INITIALLY DEFERRED;


--
-- Name: menu_app_restaurant menu_app_restaurant_update_by_id_f1812710_fk_auth_user_id; Type: FK CONSTRAINT; Schema: public; Owner: aurora
--

ALTER TABLE ONLY public.menu_app_restaurant
    ADD CONSTRAINT menu_app_restaurant_update_by_id_f1812710_fk_auth_user_id FOREIGN KEY (update_by_id) REFERENCES public.auth_user(id) DEFERRABLE INITIALLY DEFERRED;


--
-- Name: menu_app_restaurant menu_app_restaurant_user_id_dc7dea73_fk_auth_user_id; Type: FK CONSTRAINT; Schema: public; Owner: aurora
--

ALTER TABLE ONLY public.menu_app_restaurant
    ADD CONSTRAINT menu_app_restaurant_user_id_dc7dea73_fk_auth_user_id FOREIGN KEY (user_id) REFERENCES public.auth_user(id) DEFERRABLE INITIALLY DEFERRED;


--
-- PostgreSQL database dump complete
--

